date,country,price,volume,gdp_growth,usd_fx_rate,cpi_inflation,%_crypto_owning,classified_as_security,classified_as_commodity,classified_as_DFA,exchange_license_required,license_intensity,tax_rate,aml_flag,aml_severity,payment_ban,norm_volume,lag1_vol,lag3_vol,volatility_3m,vol_pct_change_1m,target
2018-01-31,Indonesia,10610.264724398594,23361.177167652706,0.020229079041478235,14000.0,0.032748822764564846,0.1447080914244906,0,1,0,0,0.0,0.22,1,0.5,0,1.1435338723122335,0.0,0.0,0.0,0.0,1.322019425514773
2018-02-28,Indonesia,9439.833073549735,27007.44662340569,0.018603892027972527,14000.0,0.02595472159341817,0.16140656949804086,0,1,0,0,0.0,0.22,1,0.5,0,1.322019425514773,1.1435338723122335,0.0,0.0,0.15608243666769628,1.3503068407988374
2018-03-31,Indonesia,10349.915922942155,27585.32834258013,0.02158567001411741,14000.0,0.032952205643750725,0.10731465351733514,0,1,0,0,0.0,0.22,1,0.5,0,1.3503068407988374,1.322019425514773,0.0,614.538111170606,0.02139712529038662,1.0927368175679126
2018-04-30,Indonesia,10134.864625192053,22323.447526048334,0.0314600701009297,14000.0,0.029960683015304204,0.10159993233624537,0,1,0,0,0.0,0.22,1,0.5,0,1.0927368175679126,1.3503068407988374,1.1435338723122335,475.6691271602835,-0.19074925450170066,1.328603182458278
2018-05-31,Indonesia,10577.923335941163,27141.945754660097,0.02715035256624526,14000.0,0.033036027937059106,0.11260841972695512,0,1,0,0,0.0,0.22,1,0.5,0,1.328603182458278,1.0927368175679126,1.322019425514773,221.56092548746557,0.21584919726172447,1.3125131910582981
2018-06-30,Indonesia,10768.93398787833,26813.244394060344,0.021122398843993678,14000.0,0.03023160144516247,0.17871437371087368,0,1,0,0,0.0,0.22,1,0.5,0,1.3125131910582981,1.328603182458278,1.3503068407988374,325.2768172448199,-0.012110456765735744,1.3355750886336528
2018-07-31,Indonesia,12403.898158563796,27284.374360670565,0.021211889172750454,14000.0,0.03147760344997917,0.1227288959448355,0,1,0,0,0.0,0.22,1,0.5,0,1.3355750886336528,1.3125131910582981,1.0927368175679126,1003.6414500400089,0.017570792988952366,1.5057912544646879
2018-08-31,Indonesia,13908.997067737204,30761.70905364031,0.033805944677266345,14000.0,0.027986189138590606,0.10944593944111061,0,1,0,0,0.0,0.22,1,0.5,0,1.5057912544646879,1.3355750886336528,1.328603182458278,1570.4790517181425,0.1274478442130671,1.3282771015897734
2018-09-30,Indonesia,11763.766052222658,27135.284270357308,0.028616357083475895,14000.0,0.03724465295040335,0.05453969788649937,0,1,0,0,0.0,0.22,1,0.5,0,1.3282771015897734,1.5057912544646879,1.3125131910582981,1101.295294179345,-0.11788762376496942,1.4593654784630006
2018-10-31,Indonesia,12010.098113670514,29813.279973766894,0.03261092351505642,14000.0,0.02658422884306027,0.14562852268956178,0,1,0,0,0.0,0.22,1,0.5,0,1.4593654784630006,1.3282771015897734,1.3355750886336528,1173.9188524040892,0.09869053431421171,1.2753373755451938
2018-11-30,Indonesia,12441.280897744375,26053.782139743773,0.02212747522923563,14000.0,0.03319978959942393,0.07528708302152853,0,1,0,0,0.0,0.22,1,0.5,0,1.2753373755451938,1.4593654784630006,1.5057912544646879,342.9345038733659,-0.1261014500025207,1.3383051876755099
2018-12-31,Indonesia,12482.743791769442,27340.14737181286,0.030197138530764223,14000.0,0.029554578104993644,0.1146282824516272,0,1,0,0,0.0,0.22,1,0.5,0,1.3383051876755099,1.2753373755451938,1.3282771015897734,261.7351402621603,0.04937345469342813,1.4879501717324564
2019-01-31,Indonesia,12506.723173370796,30397.234765067064,0.02738801972437278,14000.0,0.02919576121734926,0.08213071133762048,0,1,0,0,0.0,0.22,1,0.5,0,1.4879501717324564,1.3383051876755099,1.4593654784630006,33.108090054149685,0.11181678546495322,1.4584058685542076
2019-02-28,Indonesia,12883.59928890849,29793.676166976442,0.030612164605758493,14000.0,0.029527921983057932,0.1115161356929948,0,1,0,0,0.0,0.22,1,0.5,0,1.4584058685542076,1.4879501717324564,1.2753373755451938,224.83169512307728,-0.01985570736138942,1.2019325760280581
2019-03-31,Indonesia,13898.704301782216,24554.20038882594,0.03624795832055776,14000.0,0.02779384744234871,0.1407862544359054,0,1,0,0,0.0,0.22,1,0.5,0,1.2019325760280581,1.4584058685542076,1.3383051876755099,719.9635703142543,-0.17585865365476383,1.3134823181719382
2019-04-30,Indonesia,13365.697056214087,26833.042627193518,0.029995715880564426,14000.0,0.02969465597032845,0.17686295450412748,0,1,0,0,0.0,0.22,1,0.5,0,1.3134823181719382,1.2019325760280581,1.4879501717324564,507.765229253111,0.0928086519732334,1.3122451379844484
2019-05-31,Indonesia,13581.310427385948,26807.768355702272,0.03780510872403481,14000.0,0.034819685277618334,0.18706661181500678,0,1,0,0,0.0,0.22,1,0.5,0,1.3122451379844484,1.3134823181719382,1.4584058685542076,268.1183573103428,-0.0009419085208635103,1.3365336314596423
2019-06-30,Indonesia,12968.866653751671,27303.956368097635,0.028355197256115263,14000.0,0.030374262760506525,0.195389854376956,0,1,0,0,0.0,0.22,1,0.5,0,1.3365336314596423,1.3122451379844484,1.2019325760280581,310.6581374035356,0.018509112948591255,1.259515446620606
2019-07-31,Indonesia,13627.967840448357,25730.557009565575,0.033265295033502326,14000.0,0.029271379818837123,0.1605257327717477,0,1,0,0,0.0,0.22,1,0.5,0,1.259515446620606,1.3365336314596423,1.3134823181719382,367.8039931726082,-0.05762532496464301,1.275780415846186
2019-08-31,Indonesia,14925.74213107648,26062.832980487972,0.036453309163043096,14000.0,0.0334884077898754,0.056198188220419026,0,1,0,0,0.0,0.22,1,0.5,0,1.275780415846186,1.259515446620606,1.3122451379844484,995.6567445222464,0.01291367189598236,1.1030044463458644
2019-09-30,Indonesia,14021.014470250399,22533.204229178093,0.034737433917107596,14000.0,0.030302525722282894,0.14689066304076098,0,1,0,0,0.0,0.22,1,0.5,0,1.1030044463458644,1.275780415846186,1.3365336314596423,665.4867770885556,-0.1354276702748448,1.2131231599888068
2019-10-31,Indonesia,13608.478723714383,24782.812081794804,0.03953660870676967,14000.0,0.030587754855362796,0.09469286367129236,0,1,0,0,0.0,0.22,1,0.5,0,1.2131231599888068,1.1030044463458644,1.259515446620606,673.7829480885556,0.09983524001898081,1.2195481029155961
2019-11-30,Indonesia,14360.96197085765,24914.066812099634,0.02939984383618665,14000.0,0.029522814990008563,0.05888107243579394,0,1,0,0,0.0,0.22,1,0.5,0,1.2195481029155961,1.2131231599888068,1.275780415846186,376.8246901347172,0.005296200038624743,1.2787537702230731
2019-12-31,Indonesia,15664.318528558038,26123.57543863678,0.019185224904161566,14000.0,0.02831092881179839,0.06397189958462916,0,1,0,0,0.0,0.22,1,0.5,0,1.2787537702230731,1.2195481029155961,1.1030044463458644,1040.147958778935,0.048547217748879934,0.5682466873210051
2020-01-31,Indonesia,15146.33031425938,11608.6736552856,0.02837840119766635,14000.0,0.03189227806987902,0.12253708629010969,0,1,0,0,0.0,0.22,1,0.5,1,0.5682466873210051,1.2787537702230731,1.2131231599888068,656.2333860082365,-0.5556246241042347,0.5906378576427633
2020-02-29,Indonesia,14775.14758335339,12066.101379590786,0.036217752133259125,14000.0,0.026332422902139302,0.09028250557972786,0,1,0,0,0.0,0.22,1,0.5,1,0.5906378576427633,0.5682466873210051,1.2195481029155961,446.60075005008883,0.03940396102847732,0.5749752871819394
2020-03-31,Indonesia,12376.089085076232,11746.131772834573,0.03521267935851363,14000.0,0.0307143278189516,0.09064478605159507,0,1,0,0,0.0,0.22,1,0.5,1,0.5749752871819394,0.5906378576427633,1.2787537702230731,1503.7450341145604,-0.02651806053092043,0.5535827570265542
2020-04-30,Indonesia,13693.350366936953,11309.105201847397,0.024987477757417033,14000.0,0.02661280218210632,0.1869566069465517,0,1,0,0,0.0,0.22,1,0.5,1,0.5535827570265542,0.5749752871819394,0.5682466873210051,1201.4535765959945,-0.03720599933996094,0.5419933935449702
2020-05-31,Indonesia,12793.956171489923,11072.34686865857,0.02421053744311431,14000.0,0.02882440350794376,0.1018891537764946,0,1,0,0,0.0,0.22,1,0.5,1,0.5419933935449702,0.5535827570265542,0.5906378576427633,673.1394240672114,-0.020935195929572825,0.5562785366810586
2020-06-30,Indonesia,13798.220783820387,11364.17710451565,0.02482556252579398,14000.0,0.029178087827665268,0.0706166219170745,0,1,0,0,0.0,0.22,1,0.5,1,0.5562785366810586,0.5419933935449702,0.5749752871819394,552.0348924238763,0.02635667391193608,0.5848670644697748
2020-07-31,Indonesia,14324.65975983023,11948.210230953906,0.024531041631418175,14000.0,0.032890606089565524,0.15152892946587423,0,1,0,0,0.0,0.22,1,0.5,1,0.5848670644697748,0.5562785366810586,0.5535827570265542,777.6823347185488,0.05139246960575661,0.5292288284945152
2020-08-31,Indonesia,11806.281711186057,10811.580421042327,0.020219729518829263,14000.0,0.029494587622076945,0.13727345066693863,0,1,0,0,0.0,0.22,1,0.5,1,0.5292288284945152,0.5848670644697748,0.5419933935449702,1328.3565824257366,-0.09512971298135875,0.5772530949615038
2020-09-30,Indonesia,13440.666883675243,11792.6649559616,0.02384282685704842,14000.0,0.03128941275699333,0.19409923983425847,0,1,0,0,0.0,0.22,1,0.5,1,0.5772530949615038,0.5292288284945152,0.5562785366810586,1277.6858177344395,0.09074385952027986,0.593312921150872
2020-10-31,Indonesia,14350.155179906882,12120.75007348674,0.017766744674307545,14000.0,0.03523026248363024,0.1993036941545745,0,1,0,0,0.0,0.22,1,0.5,1,0.593312921150872,0.5772530949615038,0.5848670644697748,1289.035561824989,0.027821117512482507,0.5928040227316839
2020-11-30,Indonesia,12597.408796185857,12110.35382164074,0.027152673558113585,14000.0,0.02606577117732625,0.10769104593156077,0,1,0,0,0.0,0.22,1,0.5,1,0.5928040227316839,0.593312921150872,0.5292288284945152,876.5817178816429,-0.0008577234728024408,0.5510210625309435
2020-12-31,Indonesia,14192.917119486487,11256.772515942466,0.035539087812918244,14000.0,0.03316742778183088,0.09842035173400934,0,1,0,0,0.0,0.22,1,0.5,1,0.5510210625309435,0.5928040227316839,0.5772530949615038,969.750011000584,-0.07048359761157064,0.5914355990903899
2021-01-31,Indonesia,12937.898895868406,12082.398386389807,0.02455039754334258,14000.0,0.029846629805391992,0.1979964662411735,0,1,0,1,0.6,0.22,1,0.5,1,0.5914355990903899,0.5510210625309435,0.593312921150872,840.3026299412562,0.07334481258087444,0.6664334823654681
2021-02-28,Indonesia,12834.099217057366,13614.525139089666,0.024845953340632467,14000.0,0.02861292573185607,0.06744541576684776,0,1,0,1,0.6,0.22,1,0.5,1,0.6664334823654681,0.5914355990903899,0.5928040227316839,756.3322910485938,0.12680650841853724,0.6603189636058132
2021-03-31,Indonesia,14189.344202495475,13489.612043380132,0.012264001575822876,14000.0,0.031039355477328025,0.10752343990906713,0,1,0,1,0.6,0.22,1,0.5,1,0.6603189636058132,0.6664334823654681,0.5510210625309435,754.2743421500764,-0.009174987333997242,0.6135945839944146
2021-04-30,Indonesia,14006.04636484191,12535.08281029021,0.014833317022430875,14000.0,0.0326478901516817,0.16032889592640595,0,1,0,1,0.6,0.22,1,0.5,1,0.6135945839944146,0.6603189636058132,0.5914355990903899,735.2717394546761,-0.0707603176444459,0.6425850743650983
2021-05-31,Indonesia,15612.70115640394,13127.327603491889,0.022946378601530884,14000.0,0.025349809212764075,0.09269640284863082,0,1,0,1,0.6,0.22,1,0.5,1,0.6425850743650983,0.6135945839944146,0.6664334823654681,879.4773765119152,0.0472469789122969,0.6548181506772303
2021-06-30,Indonesia,14404.431633254206,13377.23630314001,0.015913676417616374,14000.0,0.03318195724134139,0.07066362393186518,0,1,0,1,0.6,0.22,1,0.5,1,0.6548181506772303,0.6425850743650983,0.6603189636058132,836.6566083635167,0.019037286734707948,0.672049289110485
2021-07-31,Indonesia,12586.546310788262,13729.250080332002,0.012442505710965852,14000.0,0.033181842528407106,0.06439915751497208,0,1,0,1,0.6,0.22,1,0.5,1,0.672049289110485,0.6548181506772303,0.6135945839944146,1523.2769192245376,0.026314387308039366,0.6742767835836719
2021-08-31,Indonesia,13501.885471691714,13774.755416280526,0.022715594299245204,14000.0,0.029952116273758194,0.1459189498122104,0,1,0,1,0.6,0.22,1,0.5,1,0.6742767835836719,0.672049289110485,0.6425850743650983,908.950163546934,0.0033144808115714852,0.6684140700476697
2021-09-30,Indonesia,13866.976858932823,13654.986432681633,0.017319949117443365,14000.0,0.023813744820745025,0.11859342424336557,0,1,0,1,0.6,0.22,1,0.5,1,0.6684140700476697,0.6742767835836719,0.6548181506772303,659.6261427433838,-0.00869481743808953,0.7199587319576745
2021-10-31,Indonesia,12186.544906964971,14707.988891184757,0.013900902532573985,14000.0,0.029099500060460942,0.15443861581666724,0,1,0,1,0.6,0.22,1,0.5,1,0.7199587319576745,0.6684140700476697,0.672049289110485,883.8612322689577,0.07711486669681955,0.6257383162761437
2021-11-30,Indonesia,11859.625122444519,12783.1663067033,0.013361505752467846,14000.0,0.030674645145130623,0.10562248343371934,0,1,0,1,0.6,0.22,1,0.5,1,0.6257383162761437,0.7199587319576745,0.6742767835836719,1077.0475913879982,-0.13086918943997172,0.6822573345178349
2021-12-31,Indonesia,12555.27887458614,13937.789558759825,0.01390351014912878,14000.0,0.028116043126505022,0.11182489887060545,0,1,0,1,0.6,0.22,1,0.5,1,0.6822573345178349,0.6257383162761437,0.6684140700476697,348.0362594274086,0.09032372921965792,0.6641323319890274
2022-01-31,Indonesia,13481.114524893434,13567.515091608744,0.015500918838806986,14000.0,0.0501564060703309,0.08702946096614853,0,1,0,1,0.6,0.22,1,0.5,1,0.6641323319890274,0.6822573345178349,0.7199587319576745,813.4631395565208,-0.026566225985121483,0.6500538321838426
2022-02-28,Indonesia,12963.416059460198,13279.90635856906,0.012427492562154188,14000.0,0.05394487548388778,0.12596897728890732,0,1,0,1,0.6,0.22,1,0.5,1,0.6500538321838426,0.6641323319890274,0.6257383162761437,463.9970032534241,-0.021198335221868758,0.6938303395894521
2022-03-31,Indonesia,12474.058486291606,14174.213707083063,0.010306130757403303,14000.0,0.05367734164385088,0.16808132062642075,0,1,0,1,0.6,0.22,1,0.5,1,0.6938303395894521,0.6500538321838426,0.6822573345178349,503.5944797840741,0.06734289567764429,0.7350358724376019
2022-04-30,Indonesia,14999.60506923368,15015.998787927898,0.013907892793959264,14000.0,0.046971536339873526,0.0723295501433375,0,1,0,1,0.6,0.22,1,0.5,1,0.7350358724376019,0.6938303395894521,0.6641323319890274,1339.398002869845,0.05938848519154072,0.6723273612044689
2022-05-31,Indonesia,13737.683894471042,13734.930796583809,0.01737513348803544,14000.0,0.04623297894382817,0.12615137845560648,0,1,0,1,0.6,0.22,1,0.5,1,0.6723273612044689,0.7350358724376019,0.6500538321838426,1262.7733873054715,-0.08531353854223822,0.660668071331229
2022-06-30,Indonesia,11612.760256498972,13496.743941806142,0.01508001639992182,14000.0,0.0479804347727986,0.19543785501801203,0,1,0,1,0.6,0.22,1,0.5,1,0.660668071331229,0.6723273612044689,0.6938303395894521,1711.6494629486774,-0.017341685830474685,0.5868767978931079
2022-07-31,Indonesia,15234.187356092343,11989.266940946507,0.004749616456349469,14000.0,0.049602184653795026,0.09789145130903286,0,1,0,1,0.6,0.22,1,0.5,1,0.5868767978931079,0.660668071331229,0.7350358724376019,1819.778251854076,-0.11169190194015821,0.6176603565080379
2022-08-31,Indonesia,14223.175970693292,12618.142205655626,0.018234710906008415,14000.0,0.051507797971005,0.07559541605978647,0,1,0,1,0.6,0.22,1,0.5,1,0.6176603565080379,0.5868767978931079,0.6723273612044689,1868.6514058712967,0.05245318732218274,0.6312833663425905
2022-09-30,Indonesia,13636.903381224933,12896.44576448083,0.0050738043702441985,14000.0,0.04965954829082319,0.11902434371983904,0,1,0,1,0.6,0.22,1,0.5,1,0.6312833663425905,0.6176603565080379,0.660668071331229,807.999140566478,0.022055826784109556,0.6347215345356266
2022-10-31,Indonesia,15040.640743503192,12966.683873061993,0.009804404941154286,14000.0,0.05100154956434205,0.18129411441086185,0,1,0,1,0.6,0.22,1,0.5,1,0.6347215345356266,0.6312833663425905,0.5868767978931079,705.0346074488491,0.005446315199076901,0.601340612496951
2022-11-30,Indonesia,13775.113785939258,12284.74724429532,0.00356589914660696,14000.0,0.049058021168608815,0.09292614124648621,0,1,0,1,0.6,0.22,1,0.5,1,0.601340612496951,0.6347215345356266,0.6176603565080379,773.6428093278951,-0.05259144399929283,0.6069560144252371
2022-12-31,Indonesia,14662.71709059682,12399.463915563672,0.009118723339396173,14000.0,0.05065457923132154,0.06870696431287282,0,1,0,1,0.6,0.22,1,0.5,1,0.6069560144252371,0.601340612496951,0.6312833663425905,649.6440556420728,0.009338138505179616,1.2047049956074767
2023-01-31,Indonesia,12540.81939749998,24610.83796340596,0.012712601850825128,14000.0,0.04846492711136832,0.18370359645722867,0,1,0,1,0.6,0.22,1,0.5,0,1.2047049956074767,0.6069560144252371,0.6347215345356266,1065.6588012227958,0.9848308064766174,1.0862364641306925
2023-02-28,Indonesia,14775.927073675857,22190.652239458177,0.006128735457490933,14000.0,0.05253925918836807,0.19585114602926124,0,1,0,1,0.6,0.22,1,0.5,0,1.0862364641306925,1.2047049956074767,0.601340612496951,1259.0322106244316,-0.09833820886336242,1.150730133633093
2023-03-31,Indonesia,13361.499066049546,23508.189109958712,0.003939558481704207,14000.0,0.046822562670941245,0.09633072980229648,0,1,0,1,0.6,0.22,1,0.5,0,1.150730133633093,1.0862364641306925,0.6069560144252371,1130.6213653878492,0.059373508100756256,1.1400526638588546
2023-04-30,Indonesia,15804.899153680268,23290.05979246515,0.013133860260401186,14000.0,0.05278372694679667,0.14622010026025006,0,1,0,1,0.6,0.22,1,0.5,0,1.1400526638588546,1.150730133633093,1.2047049956074767,1226.756843498373,-0.009278865184947804,1.0705868031731467
2023-05-31,Indonesia,14966.510352760826,21870.946360082962,0.015029551500091769,14000.0,0.048797633600885,0.1667334969914009,0,1,0,1,0.6,0.22,1,0.5,0,1.0705868031731467,1.1400526638588546,1.0862364641306925,1241.582390890214,-0.0609321506697591,1.051933340495756
2023-06-30,Indonesia,16425.728190676407,21489.876015821454,0.019559599560131834,14000.0,0.04806990834141503,0.12154703355572602,0,1,0,1,0.6,0.22,1,0.5,0,1.051933340495756,1.0705868031731467,1.150730133633093,732.3069908601975,-0.01742358734677385,1.0351405856489166
2023-07-31,Indonesia,15415.901685325052,21146.81794766231,0.018404751918879223,14000.0,0.04760592681548693,0.1301430410334386,0,1,0,1,0.6,0.22,1,0.5,0,1.0351405856489166,1.051933340495756,1.1400526638588546,747.3306763837958,-0.015963706254357612,1.0982893000658693
2023-08-31,Indonesia,15382.161103761426,22436.878820473205,0.009975013994691003,14000.0,0.047203803987947705,0.08046863175638021,0,1,0,1,0.6,0.22,1,0.5,0,1.0982893000658693,1.0351405856489166,1.0705868031731467,593.0036906359567,0.06100496424586188,1.175617713518153
2023-09-30,Indonesia,15508.784033108683,24016.615818643248,0.018634098886126528,14000.0,0.04884041320089011,0.13639425670767874,0,1,0,1,0.6,0.22,1,0.5,0,1.175617713518153,1.0982893000658693,1.051933340495756,65.57301733064408,0.0704080550066779,1.0603829384166656
2023-10-31,Indonesia,15849.68823084759,21662.492287892754,0.016460897493080013,14000.0,0.054383442652521256,0.07167555282999186,0,1,0,1,0.6,0.22,1,0.5,0,1.0603829384166656,1.175617713518153,1.0351405856489166,241.8093783797819,-0.0980206182472666,1.1361105473477398
2023-11-30,Indonesia,16125.993678765652,23209.526557323217,0.018325320779328944,14000.0,0.05091302513312493,0.15194664402227884,0,1,0,1,0.6,0.22,1,0.5,0,1.1361105473477398,1.0603829384166656,1.0982893000658693,309.16773205867514,0.07141534080522693,1.247662632940711
2023-12-31,Indonesia,15189.951779597854,25488.4166698559,0.011901151961683456,14000.0,0.05330294632950873,0.09874495822783508,0,1,0,1,0.6,0.22,1,0.5,0,1.247662632940711,1.1361105473477398,1.175617713518153,480.9316172206909,0.09818770352356165,1.028614083339612
2024-01-31,Indonesia,15972.975736173452,21013.488467509294,0.013928310839033986,14000.0,0.02532419363318633,0.1420139156406826,0,1,0,1,0.6,0.22,1,0.5,0,1.028614083339612,1.247662632940711,1.0603829384166656,502.1147684750837,-0.1755671315448526,1.176531434937594
2024-02-29,Indonesia,16511.918450325127,24035.282172546944,0.014584220296984635,14000.0,0.030381233912339822,0.0677683404620722,0,1,0,1,0.6,0.22,1,0.5,0,1.176531434937594,1.028614083339612,1.1361105473477398,664.728220681564,0.1438025727955592,1.2444448927837974
2024-03-31,Indonesia,18281.007288226327,25422.68167091517,0.023720478127220217,14000.0,0.030322810359423333,0.19944753435804896,0,1,0,1,0.6,0.22,1,0.5,0,1.2444448927837974,1.176531434937594,1.247662632940711,1207.4176445894943,0.05772345372973886,1.2144114355692792
2024-04-30,Indonesia,17327.27357942484,24809.13017765962,0.022555153281748796,14000.0,0.028290672371377626,0.08186645071780974,0,1,0,1,0.6,0.22,1,0.5,0,1.2144114355692792,1.2444448927837974,1.028614083339612,885.4459601655562,-0.02413401942398108,1.4094747640714473
2024-05-31,Indonesia,17371.806113705323,28794.065898747696,0.02647716954849687,14000.0,0.02882498237801533,0.15126493622201248,0,1,0,1,0.6,0.22,1,0.5,0,1.4094747640714473,1.2144114355692792,1.176531434937594,538.243735009996,0.16062375796941364,1.1825138362293082
2024-06-30,Indonesia,19655.281649728917,24157.496249320324,0.015182578827899603,14000.0,0.026508213277049542,0.17386234024491531,0,1,0,1,0.6,0.22,1,0.5,0,1.1825138362293082,1.4094747640714473,1.2444448927837974,1331.4068527707632,-0.16102518017884448,1.342040898081513
2024-07-31,Indonesia,16486.918817505473,27416.463950407266,0.02312951658499677,14000.0,0.032614697974275964,0.1991398535516531,0,1,0,1,0.6,0.22,1,0.5,0,1.342040898081513,1.1825138362293082,1.2144114355692792,1634.8195153803229,0.13490502771696122,1.415493617037071
2024-08-31,Indonesia,19360.309979387075,28917.024644334895,0.024876963394356733,14000.0,0.034053786577238315,0.1624071257906804,0,1,0,1,0.6,0.22,1,0.5,0,1.415493617037071,1.342040898081513,1.4094747640714473,1750.328925854589,0.05473210172697485,1.3115633302101541
2024-09-30,Indonesia,16801.956287827103,26793.83975017932,0.023563051975836306,14000.0,0.027885852907091356,0.14983840595610282,0,1,0,1,0.6,0.22,1,0.5,0,1.3115633302101541,1.415493617037071,1.1825138362293082,1575.9018046822957,-0.07342335251533327,1.3969320164607752
2024-10-31,Indonesia,18837.40007893095,28537.83094480655,0.027254035880347707,14000.0,0.030450026178432107,0.11129185236772748,0,1,0,1,0.6,0.22,1,0.5,0,1.3969320164607752,1.3115633302101541,1.342040898081513,1351.6434318918275,0.06508925972864943,1.2703064328967615
2024-11-30,Indonesia,20592.114572255654,25951.00534810167,0.022998720462344142,14000.0,0.030798047369918573,0.05864240532207525,0,1,0,1,0.6,0.22,1,0.5,0,1.2703064328967615,1.3969320164607752,1.415493617037071,1896.811104672371,-0.09064548744814982,1.4498818414534151
2024-12-31,Indonesia,17272.712807628028,29619.539386156084,0.033351373029825826,14000.0,0.031112811278862725,0.16148429335693718,0,1,0,1,0.6,0.22,1,0.5,0,1.4498818414534151,1.2703064328967615,1.3115633302101541,1660.607182382162,0.14136385041139743,1.3489682364847184
2025-01-31,Indonesia,19654.989926224396,27557.98208437416,0.030019565640619413,14000.0,0.0300671852039777,0.14445586543409025,0,1,0,1,0.6,0.22,1,0.5,0,1.3489682364847184,1.4498818414534151,1.3969320164607752,1711.3286722603016,-0.06960126134660549,1.4059433077108825
2025-02-28,Indonesia,21561.52213172052,28721.92201241735,0.030761722098027487,14000.0,0.027677067288115094,0.11812816697641607,0,1,0,1,0.6,0.22,1,0.5,0,1.4059433077108825,1.3489682364847184,1.2703064328967615,2148.797909638693,0.04223603616837979,1.2846060762309643
2025-03-31,Indonesia,20938.255486743998,26243.131807538408,0.03315708079799992,14000.0,0.027058539048858653,0.17061628918249888,0,1,0,1,0.6,0.22,1,0.5,0,1.2846060762309643,1.4059433077108825,1.4498818414534151,972.119407973398,-0.08630307553259453,1.3672174314459347
2018-01-31,Russia,10610.264724398594,44512.037548802946,0.01980989122576491,70.0,0.025311519194646415,0.13462399766281868,0,0,0,0,0.0,0.13,0,0.0,0,1.2045809475012954,0.0,0.0,0.0,0.0,1.3925948769507797
2018-02-28,Russia,9439.833073549735,51459.58483046409,0.01879636295708358,70.0,0.027543821792083544,0.1256002130186299,0,0,0,0,0.0,0.13,0,0.0,0,1.3925948769507797,1.2045809475012954,0.0,0.0,0.15608243666769606,1.422392404011646
2018-03-31,Russia,10349.915922942155,52560.67201447281,0.02597210497618074,70.0,0.032932869389171227,0.10940018147939391,0,0,0,0,0.0,0.13,0,0.0,0,1.422392404011646,1.3925948769507797,0.0,614.538111170606,0.02139712529038662,1.1510721133375426
2018-04-30,Russia,10134.864625192053,42534.76301160372,0.023136353712791217,70.0,0.02968877269075604,0.06745122314640566,0,0,0,0,0.0,0.13,0,0.0,0,1.1510721133375426,1.422392404011646,1.2045809475012954,475.6691271602835,-0.19074925450170077,1.399530104991808
2018-05-31,Russia,10577.923335941163,51715.85746337607,0.029230283637313545,70.0,0.032311949614000454,0.18576969738106447,0,0,0,0,0.0,0.13,0,0.0,0,1.399530104991808,1.1510721133375426,1.3925948769507797,221.56092548746557,0.2158491972617247,1.3825811561629593
2018-06-30,Russia,10768.93398787833,51089.55480746291,0.02197066861415514,70.0,0.030468678231773308,0.17166680610210228,0,0,0,0,0.0,0.13,0,0.0,0,1.3825811561629593,1.399530104991808,1.422392404011646,325.2768172448199,-0.012110456765735633,1.406874203448325
2018-07-31,Russia,12403.898158563796,51987.23879888258,0.01659113199361747,70.0,0.026073133765019876,0.0836211575077778,0,0,0,0,0.0,0.13,0,0.0,0,1.406874203448325,1.3825811561629593,1.1510721133375426,1003.6414500400089,0.017570792988952366,1.58617728775679
2018-08-31,Russia,13908.997067737204,58612.900310390076,0.03308493630237947,70.0,0.028247082401419845,0.1949935341600762,0,0,0,0,0.0,0.13,0,0.0,0,1.58617728775679,1.406874203448325,1.399530104991808,1570.4790517181425,0.1274478442130671,1.3991866164331779
2018-09-30,Russia,11763.766052222658,51703.164770825155,0.025522174824814167,70.0,0.032517834467847055,0.10427372979366484,0,0,0,0,0.0,0.13,0,0.0,0,1.3991866164331779,1.58617728775679,1.3825811561629593,1101.295294179345,-0.11788762376496942,1.5372730912142623
2018-10-31,Russia,12010.098113670514,56805.77772779362,0.019309848984002186,70.0,0.03201440131606692,0.10872542672543462,0,0,0,0,0.0,0.13,0,0.0,0,1.5372730912142623,1.3991866164331779,1.406874203448325,1173.9188524040892,0.09869053431421171,1.3434207253622863
2018-11-30,Russia,12441.280897744375,49642.48678779794,0.024879386182814784,70.0,0.03357093522836449,0.18263950119830719,0,0,0,0,0.0,0.13,0,0.0,0,1.3434207253622863,1.5372730912142623,1.58617728775679,342.9345038733659,-0.12610145000252082,1.4097500476801734
2018-12-31,Russia,12482.743791769442,52093.507860084384,0.029989566073720834,70.0,0.033548393078290835,0.1842414969612261,0,0,0,0,0.0,0.13,0,0.0,0,1.4097500476801734,1.3434207253622863,1.3991866164331779,261.7351402621603,0.04937345469342813,1.567383766320835
2019-01-31,Russia,12506.723173370796,57918.436452592294,0.025951024235799276,70.0,0.029815261030685113,0.05617033949282847,0,0,0,0,0.0,0.13,0,0.0,0,1.567383766320835,1.4097500476801734,1.5372730912142623,33.108090054149685,0.11181678546495322,1.5362622529337764
2019-02-28,Russia,12883.59928890849,56768.4249275604,0.03890567788380024,70.0,0.03234905561545525,0.19097297358885423,0,0,0,0,0.0,0.13,0,0.0,0,1.5362622529337764,1.567383766320835,1.3434207253622863,224.83169512307728,-0.019855707361389197,1.2660972414722083
2019-03-31,Russia,13898.704301782216,46785.2061496981,0.03027346449608245,70.0,0.02819738223474937,0.054506196030175556,0,0,0,0,0.0,0.13,0,0.0,0,1.2660972414722083,1.5362622529337764,1.4097500476801734,719.9635703142543,-0.17585865365476383,1.3836020197202732
2019-04-30,Russia,13365.697056214087,51127.278064741404,0.019707187821022203,70.0,0.02711183989155585,0.058360816989430304,0,0,0,0,0.0,0.13,0,0.0,0,1.3836020197202732,1.2660972414722083,1.567383766320835,507.765229253111,0.0928086519732334,1.3822987931884148
2019-05-31,Russia,13581.310427385948,51079.12084588367,0.028298597204359704,70.0,0.028797914064050315,0.12317935605280815,0,0,0,0,0.0,0.13,0,0.0,0,1.3822987931884148,1.3836020197202732,1.5362622529337764,268.1183573103428,-0.0009419085208635103,1.4078839176802405
2019-06-30,Russia,12968.866653751671,52024.55006293487,0.017800312397036746,70.0,0.02837649330912335,0.06990814866913209,0,0,0,0,0.0,0.13,0,0.0,0,1.4078839176802405,1.3822987931884148,1.2660972414722083,310.6581374035356,0.018509112948591255,1.3267541494114217
2019-07-31,Russia,13627.967840448357,49026.6184594189,0.027083617927772204,70.0,0.026001783118009856,0.17874277512322767,0,0,0,0,0.0,0.13,0,0.0,0,1.3267541494114217,1.4078839176802405,1.3836020197202732,367.8039931726082,-0.05762532496464312,1.343887417183554
2019-08-31,Russia,14925.74213107648,49659.73212437335,0.036696861437401654,70.0,0.029924866571357744,0.09455466533033814,0,0,0,0,0.0,0.13,0,0.0,0,1.343887417183554,1.3267541494114217,1.3822987931884148,995.6567445222464,0.01291367189598236,1.1618878751627066
2019-09-30,Russia,14021.014470250399,42934.43029629659,0.035769216119662446,70.0,0.02898728153394873,0.16139686063771547,0,0,0,0,0.0,0.13,0,0.0,0,1.1618878751627066,1.343887417183554,1.4078839176802405,665.4867770885556,-0.13542767027484492,1.2778852300547194
2019-10-31,Russia,13608.478723714383,47220.79945000557,0.03100854806496983,70.0,0.035348591584852825,0.14796655376938872,0,0,0,0,0.0,0.13,0,0.0,0,1.2778852300547194,1.1618878751627066,1.3267541494114217,673.7829480885556,0.09983524001898103,1.284653165859493
2019-11-30,Russia,14360.96197085765,47470.89024987658,0.03051617843139339,70.0,0.02871325352474367,0.10620890343559031,0,0,0,0,0.0,0.13,0,0.0,0,1.284653165859493,1.2778852300547194,1.343887417183554,376.8246901347172,0.005296200038624521,1.347019502834262
2019-12-31,Russia,15664.318528558038,49775.469895570524,0.031275315974792044,70.0,0.02912622911511767,0.15204287361007565,0,0,0,0,0.0,0.13,0,0.0,0,1.347019502834262,1.284653165859493,1.1618878751627066,1040.147958778935,0.048547217748879934,1.197164595821804
2020-01-31,Russia,15146.33031425938,44237.986290465,0.03868344033453234,70.0,0.02755412671972035,0.053565187790600745,0,1,0,0,0.0,0.13,0,0.0,0,1.197164595821804,1.347019502834262,1.2778852300547194,656.2333860082365,-0.11124924820846949,1.2443376229002392
2020-02-29,Russia,14775.14758335339,45981.138178232795,0.02635747148189677,70.0,0.03424228826629906,0.1588321629906283,0,1,0,0,0.0,0.13,0,0.0,0,1.2443376229002392,1.197164595821804,1.284653165859493,446.60075005008883,0.03940396102847732,1.2113402024952689
2020-03-31,Russia,12376.089085076232,44761.807572741796,0.03165085165404029,70.0,0.030453254086216235,0.06428927407680642,0,1,0,0,0.0,0.13,0,0.0,0,1.2113402024952689,1.2443376229002392,1.347019502834262,1503.7450341145604,-0.02651806053092054,1.1662710797207618
2020-04-30,Russia,13693.350366936953,43096.39978973491,0.023643685502598356,70.0,0.03138797051710208,0.13092309040752015,0,1,0,0,0.0,0.13,0,0.0,0,1.1662710797207618,1.2113402024952689,1.197164595821804,1201.4535765959945,-0.03720599933996083,1.1418549661598132
2020-05-31,Russia,12793.956171489923,42194.168216277605,0.031168800917967615,70.0,0.032550963194615576,0.12735958442544543,0,1,0,0,0.0,0.13,0,0.0,0,1.1418549661598132,1.1662710797207618,1.2443376229002392,673.1394240672114,-0.020935195929572825,1.171950465157612
2020-06-30,Russia,13798.220783820387,43306.26614893941,0.033221022433978384,70.0,0.032813881023331874,0.08561573160795082,0,1,0,0,0.0,0.13,0,0.0,0,1.171950465157612,1.1418549661598132,1.2113402024952689,552.0348924238763,0.026356673911935857,1.232179893817677
2020-07-31,Russia,14324.65975983023,45531.882115737586,0.015905034524686813,70.0,0.03302240117564263,0.18965844956175087,0,1,0,0,0.0,0.13,0,0.0,0,1.232179893817677,1.171950465157612,1.1662710797207618,777.6823347185488,0.05139246960575661,1.1149629741774003
2020-08-31,Russia,11806.281711186057,41200.44723856641,0.027931472843106347,70.0,0.028044568797374752,0.16532607680703493,0,1,0,0,0.0,0.13,0,0.0,0,1.1149629741774003,1.232179893817677,1.1418549661598132,1328.3565824257366,-0.09512971298135864,1.216139017676468
2020-09-30,Russia,13440.666883675243,44939.134834955585,0.02418754925179856,70.0,0.02629214834167291,0.07307463558712404,0,1,0,0,0.0,0.13,0,0.0,0,1.216139017676468,1.1149629741774003,1.171950465157612,1277.6858177344395,0.09074385952028008,1.2499733641987598
2020-10-31,Russia,14350.155179906882,46189.39178610818,0.028004673877403376,70.0,0.028390619064686862,0.1964523946655357,0,1,0,0,0.0,0.13,0,0.0,0,1.2499733641987598,1.216139017676468,1.232179893817677,1289.035561824989,0.027821117512482285,1.2489012327039086
2020-11-30,Russia,12597.408796185857,46149.77406057876,0.014744990330452097,70.0,0.033668707453038245,0.16550032934276718,0,1,0,0,0.0,0.13,0,0.0,0,1.2489012327039086,1.2499733641987598,1.1149629741774003,876.5817178816429,-0.0008577234728025518,1.1608741807614118
2020-12-31,Russia,14192.917119486487,42896.97195582803,0.019136305816785916,70.0,0.02481280175865756,0.1857667734383876,0,1,0,0,0.0,0.13,0,0.0,0,1.1608741807614118,1.2489012327039086,1.216139017676468,969.750011000584,-0.07048359761157064,1.2460182799793338
2021-01-31,Russia,12937.898895868406,46043.242324215265,0.023973169753594863,70.0,0.03225491408926221,0.11427304756140785,0,1,1,0,0.0,0.13,0,0.0,0,1.2460182799793338,1.1608741807614118,1.2499733641987598,840.3026299412562,0.07334481258087444,1.4040215074891846
2021-02-28,Russia,12834.099217057366,51881.82511961762,0.01602917056187754,70.0,0.03654706802665992,0.06731025506418759,0,1,1,0,0.0,0.13,0,0.0,0,1.4040215074891846,1.2460182799793338,1.2489012327039086,756.3322910485938,0.12680650841853747,1.3911396279413113
2021-03-31,Russia,14189.344202495475,51405.81003128046,0.025924944317015617,70.0,0.028828115957824925,0.06453435352711602,0,1,1,0,0.0,0.13,0,0.0,0,1.3911396279413113,1.4040215074891846,1.1608741807614118,754.2743421500764,-0.009174987333997464,1.292702145980408
2021-04-30,Russia,14006.04636484191,47768.318584697015,0.01724025132213191,70.0,0.02864969895750281,0.08896363568792967,0,1,1,0,0.0,0.13,0,0.0,0,1.292702145980408,1.3911396279413113,1.2460182799793338,735.2717394546761,-0.07076031764444579,1.3537784170114253
2021-05-31,Russia,15612.70115640394,50025.22732554408,0.01675714127053386,70.0,0.0272779487295444,0.19732159913695657,0,1,1,0,0.0,0.13,0,0.0,0,1.3537784170114253,1.292702145980408,1.4040215074891846,879.4773765119152,0.0472469789122969,1.379550684911331
2021-06-30,Russia,14404.431633254206,50977.57192210941,0.014781301247908817,70.0,0.03141892574890057,0.08024351804102609,0,1,1,0,0.0,0.13,0,0.0,0,1.379550684911331,1.3537784170114253,1.3911396279413113,836.6566083635167,0.01903728673470817,1.4158527159451588
2021-07-31,Russia,12586.546310788262,52319.01549369124,0.019380495661199225,70.0,0.03299211107637243,0.15950793230672414,0,1,1,0,0.0,0.13,0,0.0,0,1.4158527159451588,1.379550684911331,1.292702145980408,1523.2769192245376,0.026314387308039366,1.4205455326041703
2021-08-31,Russia,13501.885471691714,52492.42586662538,0.017792717741439416,70.0,0.03007287256737727,0.10179739399780126,0,1,1,0,0.0,0.13,0,0.0,0,1.4205455326041703,1.4158527159451588,1.3537784170114253,908.950163546934,0.0033144808115714852,1.4081941485356835
2021-09-30,Russia,13866.976858932823,52036.01380683263,0.011745438529894741,70.0,0.026410030687948997,0.060944451118851016,0,1,1,0,0.0,0.13,0,0.0,0,1.4081941485356835,1.4205455326041703,1.379550684911331,659.6261427433838,-0.00869481743808942,1.516786852583254
2021-10-31,Russia,12186.544906964971,56048.76407498039,0.011897391818569076,70.0,0.023752399163267254,0.15342275892997315,0,1,1,0,0.0,0.13,0,0.0,0,1.516786852583254,1.4081941485356835,1.4158527159451588,883.8612322689577,0.07711486669681955,1.3182861866324778
2021-11-30,Russia,11859.625122444519,48713.7077513755,0.016043891375479933,70.0,0.027805606465041755,0.07943453523942434,0,1,1,0,0.0,0.13,0,0.0,0,1.3182861866324778,1.516786852583254,1.4205455326041703,1077.0475913879982,-0.1308691894399716,1.437358711187885
2021-12-31,Russia,12555.27887458614,53113.71149959629,0.01141698033157203,70.0,0.02940923379575952,0.09579176659494472,0,1,1,0,0.0,0.13,0,0.0,0,1.437358711187885,1.3182861866324778,1.4081941485356835,348.0362594274086,0.0903237292196577,0.6436198168286009
2022-01-31,Russia,13481.114524893434,23783.233093015155,0.006632785329677213,70.0,0.04650056829060298,0.11468549977319914,0,1,1,0,0.0,0.13,1,0.4,1,0.6436198168286009,1.437358711187885,1.516786852583254,813.4631395565208,-0.5522204639531558,0.6299761481960305
2022-02-28,Russia,12963.416059460198,23279.06814524958,0.0019766803622419497,70.0,0.046827462301799426,0.0856873072208841,0,1,1,0,0.0,0.13,1,0.4,1,0.6299761481960305,0.6436198168286009,1.3182861866324778,463.9970032534241,-0.021198335221868647,0.6724005662234002
2022-03-31,Russia,12474.058486291606,24846.7480028279,0.012132474160659597,70.0,0.04946965808707901,0.1831237530376998,0,1,1,0,0.0,0.13,1,0.4,1,0.6724005662234002,0.6299761481960305,1.437358711187885,503.5944797840741,0.06734289567764451,0.712333417293342
2022-04-30,Russia,14999.60506923368,26322.358728651783,0.010383539052192548,70.0,0.04587935342794726,0.18448436191056045,0,1,1,0,0.0,0.13,1,0.4,1,0.712333417293342,0.6724005662234002,0.6436198168286009,1339.398002869845,0.0593884851915405,0.6515617328421622
2022-05-31,Russia,13737.683894471042,24076.70516273233,0.006471317074375093,70.0,0.05185915554605425,0.16319005191909441,0,1,1,0,0.0,0.13,1,0.4,1,0.6515617328421622,0.712333417293342,0.6299761481960305,1262.7733873054715,-0.08531353854223811,0.6402625539720539
2022-06-30,Russia,11612.760256498972,23659.17450596726,0.00919992912491363,70.0,0.045748491486177476,0.12097591296273877,0,1,1,0,0.0,0.13,1,0.4,1,0.6402625539720539,0.6515617328421622,0.6724005662234002,1711.6494629486774,-0.017341685830474463,0.568750411577852
2022-07-31,Russia,15234.187356092343,21016.636307061675,0.005926489344490456,70.0,0.050609073514189515,0.13316726267167225,0,1,1,0,0.0,0.13,1,0.4,1,0.568750411577852,0.6402625539720539,0.712333417293342,1819.778251854076,-0.11169190194015821,0.5985831834559135
2022-08-31,Russia,14223.175970693292,22119.025868158165,0.002828638690415031,70.0,0.048975649220401395,0.08464872357839004,0,1,1,0,0.0,0.13,1,0.4,1,0.5985831834559135,0.568750411577852,0.6515617328421622,1868.6514058712967,0.05245318732218274,0.6117854304660981
2022-09-30,Russia,13636.903381224933,22606.879271339505,0.008711885246825856,70.0,0.05244611000808933,0.14515198494535397,0,1,1,0,0.0,0.13,1,0.4,1,0.6117854304660981,0.5985831834559135,0.6402625539720539,807.999140566478,0.022055826784109778,0.6151174067546195
2022-10-31,Russia,15040.640743503192,22730.003461518696,0.01667935640294861,70.0,0.048899190230005336,0.08257243085021154,0,1,1,0,0.0,0.13,1,0.4,1,0.6151174067546195,0.6117854304660981,0.568750411577852,705.0346074488491,0.005446315199076901,0.5827674941042936
2022-11-30,Russia,13775.113785939258,21534.599757368505,0.002663281592228139,70.0,0.05337644931566462,0.07976358215224774,0,1,1,0,0.0,0.13,1,0.4,1,0.5827674941042936,0.6151174067546195,0.5985831834559135,773.6428093278951,-0.05259144399929283,0.588209457680556
2022-12-31,Russia,14662.71709059682,21735.69283255642,0.0018892939454938987,70.0,0.04384768667808443,0.19222608217676684,0,1,1,0,0.0,0.13,1,0.4,1,0.588209457680556,0.5827674941042936,0.6117854304660981,649.6440556420728,0.009338138505179616,0.5837481261326358
2023-01-31,Russia,12540.81939749998,21570.836367085492,0.013175565108607278,70.0,0.04877865008261313,0.0904359365263104,0,1,1,0,0.0,0.13,1,0.4,1,0.5837481261326358,0.588209457680556,0.6151174067546195,1065.6588012227958,-0.00758459676169132,0.5263433809814083
2023-02-28,Russia,14775.927073675857,19449.59895506163,0.008747666419797821,70.0,0.05011398940895745,0.16608837389403497,0,1,1,0,0.0,0.13,1,0.4,1,0.5263433809814083,0.5837481261326358,0.5827674941042936,1259.0322106244316,-0.09833820886336231,0.5575942339758874
2023-03-31,Russia,13361.499066049546,20604.38987617644,0.014337782158771645,70.0,0.049939999690999305,0.18159716324455638,0,1,1,0,0.0,0.13,1,0.4,1,0.5575942339758874,0.5263433809814083,0.588209457680556,1130.6213653878492,0.059373508100756256,0.5524203922509209
2023-04-30,Russia,15804.899153680268,20413.204520297295,0.0057686848505708755,70.0,0.048652316458622856,0.13512081230959813,0,1,1,0,0.0,0.13,1,0.4,1,0.5524203922509209,0.5575942339758874,0.5837481261326358,1226.756843498373,-0.009278865184947804,0.5187602296772402
2023-05-31,Russia,14966.510352760826,19169.38406681393,0.008912413128079747,70.0,0.04905560388586028,0.12360187790734131,0,1,1,0,0.0,0.13,1,0.4,1,0.5187602296772402,0.5524203922509209,0.5263433809814083,1241.582390890214,-0.06093215066975932,0.5097215655034265
2023-06-30,Russia,16425.728190676407,18835.384629141947,0.018533008682733006,70.0,0.045744592813576915,0.15411086191642248,0,1,1,0,0.0,0.13,1,0.4,1,0.5097215655034265,0.5187602296772402,0.5575942339758874,732.3069908601975,-0.017423587346773628,0.5015845201602184
2023-07-31,Russia,15415.901685325052,18534.70208173448,0.012711917512772812,70.0,0.05080509677269317,0.19315971177902563,0,1,1,0,0.0,0.13,1,0.4,1,0.5015845201602184,0.5097215655034265,0.5524203922509209,747.3306763837958,-0.015963706254357835,0.5321836658788704
2023-08-31,Russia,15382.161103761426,19665.410919538397,0.01511808406645656,70.0,0.04913579827403409,0.08371711535215048,0,1,1,0,0.0,0.13,1,0.4,1,0.5321836658788704,0.5015845201602184,0.5187602296772402,593.0036906359567,0.0610049642458621,0.5696536826997254
2023-09-30,Russia,15508.784033108683,21050.014253290177,0.01181337491640808,70.0,0.04687134558174673,0.12825441856474398,0,1,1,0,0.0,0.13,1,0.4,1,0.5696536826997254,0.5321836658788704,0.5097215655034265,65.57301733064408,0.07040805500667768,0.5138158765346661
2023-10-31,Russia,15849.68823084759,18986.6788420689,0.016084871146509982,70.0,0.05346001781363929,0.09962632431326612,0,1,1,0,0.0,0.13,1,0.4,1,0.5138158765346661,0.5696536826997254,0.5015845201602184,241.8093783797819,-0.0980206182472666,0.5505102124685256
2023-11-30,Russia,16125.993678765652,20342.618982334643,0.00868212996148934,70.0,0.05052318059264792,0.18638108727050212,0,1,1,0,0.0,0.13,1,0.4,1,0.5505102124685256,0.5138158765346661,0.5321836658788704,309.16773205867514,0.07141534080522671,0.6045635459970781
2023-12-31,Russia,15189.951779597854,22340.014023864893,0.020735064757209726,70.0,0.04768929144931141,0.19500302824357585,0,1,1,0,0.0,0.13,1,0.4,1,0.6045635459970781,0.5505102124685256,0.5696536826997254,480.9316172206909,0.09818770352356143,0.4984220583897867
2024-01-31,Russia,15972.975736173452,18417.841843023158,0.024536166348572603,70.0,0.024207004974116167,0.15094367445496618,0,1,1,0,0.0,0.13,1,0.4,1,0.4984220583897867,0.6045635459970781,0.5138158765346661,502.1147684750837,-0.17556713154485226,0.5700964327242963
2024-02-29,Russia,16511.918450325127,21066.37488539159,0.018980520808090495,70.0,0.02657442611236525,0.19867532923972642,0,1,1,0,0.0,0.13,1,0.4,1,0.5700964327242963,0.4984220583897867,0.5505102124685256,664.728220681564,0.14380257279555897,0.6030043677801464
2024-03-31,Russia,18281.007288226327,22282.39880134182,0.01962282547339372,70.0,0.03176947674930919,0.18154302284602053,0,1,1,0,0.0,0.13,1,0.4,1,0.6030043677801464,0.5700964327242963,0.6045635459970781,1207.4176445894943,0.05772345372973886,0.588451448655395
2024-04-30,Russia,17327.27357942484,21744.634955857346,0.018133360178184482,70.0,0.027054125430781874,0.08903517397013544,0,1,1,0,0.0,0.13,1,0.4,1,0.588451448655395,0.6030043677801464,0.4984220583897867,885.4459601655562,-0.024134019423980968,0.68297073172097
2024-05-31,Russia,17371.806113705323,25237.33993814023,0.02081962504415157,70.0,0.034313619269769,0.0795984303895848,0,1,1,0,0.0,0.13,1,0.4,1,0.68297073172097,0.588451448655395,0.5700964327242963,538.243735009996,0.16062375796941364,0.5729952465887236
2024-06-30,Russia,19655.281649728917,21173.49272736645,0.020715405103062013,70.0,0.032147336625185194,0.12596049996379052,0,1,1,0,0.0,0.13,1,0.4,1,0.5729952465887236,0.68297073172097,0.6030043677801464,1331.4068527707632,-0.16102518017884448,0.6502951862114622
2024-07-31,Russia,16486.918817505473,24029.903350616696,0.018675506485093224,70.0,0.03428173116436454,0.07316097200008344,0,1,1,0,0.0,0.13,1,0.4,1,0.6502951862114622,0.5729952465887236,0.588451448655395,1634.8195153803229,0.134905027716961,0.68588720849575
2024-08-31,Russia,19360.309979387075,25345.110465292022,0.02403008085352378,70.0,0.027062716514236418,0.15566484752377668,0,1,1,0,0.0,0.13,1,0.4,1,0.68588720849575,0.6502951862114622,0.68297073172097,1750.328925854589,0.05473210172697485,0.6355270702006088
2024-09-30,Russia,16801.956287827103,23484.18748505883,0.020752998012419168,70.0,0.029349784449354335,0.10821728116852283,0,1,1,0,0.0,0.13,1,0.4,1,0.6355270702006088,0.68588720849575,0.5729952465887236,1575.9018046822957,-0.07342335251533305,0.6768930567374839
2024-10-31,Russia,18837.40007893095,25012.75586379012,0.027861437133722047,70.0,0.029781753254204707,0.10845215142845047,0,1,1,0,0.0,0.13,1,0.4,1,0.6768930567374839,0.6355270702006088,0.6502951862114622,1351.6434318918275,0.06508925972864943,0.6155357556592466
2024-11-30,Russia,20592.114572255654,22745.4624160953,0.02610191002731376,70.0,0.02773718579453885,0.13568538443952977,0,1,1,0,0.0,0.13,1,0.4,1,0.6155357556592466,0.6768930567374839,0.68588720849575,1896.811104672371,-0.09064548744814982,0.7025502601451266
2024-12-31,Russia,17272.712807628028,25960.84856262225,0.02763605626751199,70.0,0.02849628914154166,0.122177324195727,0,1,1,0,0.0,0.13,1,0.4,1,0.7025502601451266,0.6155357556592466,0.6355270702006088,1660.607182382162,0.14136385041139699,0.65365187587964
2025-01-31,Russia,19654.989926224396,24153.940757035536,0.026640345407156745,70.0,0.026656456323536575,0.10013852615124083,0,1,1,0,0.0,0.13,1,0.4,1,0.65365187587964,0.7025502601451266,0.6768930567374839,1711.3286722603016,-0.06960126134660538,0.6812595401508219
2025-02-28,Russia,21561.52213172052,25174.107472458592,0.01919012063456255,70.0,0.028342192958640367,0.10294181742676706,0,1,1,0,0.0,0.13,1,0.4,1,0.6812595401508219,0.65365187587964,0.6155357556592466,2148.797909638693,0.04223603616838001,0.6224647465998848
2025-03-31,Russia,20938.255486743998,23001.504573797345,0.02953388960900045,70.0,0.027634654692224734,0.1519064260066661,0,1,1,0,0.0,0.13,1,0.4,1,0.6224647465998848,0.6812595401508219,0.7025502601451266,972.119407973398,-0.08630307553259464,0.6624946493394341
2018-01-31,United States,10610.264724398594,75480.55815767875,0.019004021165653782,1.0,0.02816062062400465,0.17068494519072208,0,1,0,0,0.0,0.1,1,0.8,0,0.9175746891600753,0.0,0.0,0.0,0.0,1.0607919824687837
2018-02-28,United States,9439.833073549735,87261.747595967,0.00964465377501596,1.0,0.02983847941920195,0.0850147808927941,0,1,0,0,0.0,0.1,1,0.8,0,1.0607919824687837,0.9175746891600753,0.0,0.0,0.15608243666769606,1.0834898814247058
2018-03-31,United States,10349.915922942155,89128.898142336,0.021573974590149217,1.0,0.02551444667308001,0.08200670819324829,0,1,0,0,0.0,0.1,1,0.8,0,1.0834898814247058,1.0607919824687837,0.0,614.538111170606,0.02139712529038662,0.8768149942828072
2018-04-30,United States,10134.864625192053,72127.62726712739,0.017299982372841746,1.0,0.03054887221327005,0.19227160600052523,0,1,0,0,0.0,0.1,1,0.8,0,0.8768149942828072,1.0834898814247058,0.9175746891600753,475.6691271602835,-0.19074925450170066,1.0660748069457946
2018-05-31,United States,10577.923335941163,87696.3177131297,0.024426861000916456,1.0,0.030523323495729896,0.12904016416541098,0,1,0,0,0.0,0.1,1,0.8,0,1.0660748069457946,0.8768149942828072,1.0607919824687837,221.56092548746557,0.21584919726172447,1.0531641540872376
2018-06-30,United States,10768.93398787833,86634.27524895062,0.03502874875910913,1.0,0.028759432245955348,0.19788724856905326,0,1,0,0,0.0,0.1,1,0.8,0,1.0531641540872376,1.0660748069457946,1.0834898814247058,325.2768172448199,-0.012110456765735633,1.0716690834220897
2018-07-31,United States,12403.898158563796,88156.50816509787,0.02981983007838528,1.0,0.03252793373018924,0.1998751751442841,0,1,0,0,0.0,0.1,1,0.8,0,1.0716690834220897,1.0531641540872376,0.8768149942828072,1003.6414500400089,0.017570792988952366,1.2082509978140286
2018-08-31,United States,13908.997067737204,99391.86508409123,0.026247871840589458,1.0,0.03731479873821901,0.06739121954087468,0,1,0,0,0.0,0.1,1,0.8,0,1.2082509978140286,1.0716690834220897,1.0660748069457946,1570.4790517181425,0.1274478442130671,1.0658131587700794
2018-09-30,United States,11763.766052222658,87674.79428775929,0.017931462706661603,1.0,0.032543677333969324,0.11400102008312304,0,1,0,0,0.0,0.1,1,0.8,0,1.0658131587700794,1.2082509978140286,1.0531641540872376,1101.295294179345,-0.11788762376496942,1.1709988288882163
2018-10-31,United States,12010.098113670514,96327.46658190685,0.025975270317810138,1.0,0.03210036950352555,0.09125972147015654,0,1,0,0,0.0,0.1,1,0.8,0,1.1709988288882163,1.0658131587700794,1.0716690834220897,1173.9188524040892,0.09869053431421171,1.0233341786141585
2018-11-30,United States,12441.280897744375,84180.43337085903,0.02527787180998897,1.0,0.030322743108913832,0.12637730676036818,0,1,0,0,0.0,0.1,1,0.8,0,1.0233341786141585,1.1709988288882163,1.2082509978140286,342.9345038733659,-0.1261014500025207,1.0738597223182011
2018-12-31,United States,12482.743791769442,88336.71218396828,0.027081005832506656,1.0,0.029140115406483452,0.05492456554828997,0,1,0,0,0.0,0.1,1,0.8,0,1.0738597223182011,1.0233341786141585,1.0658131587700794,261.7351402621603,0.04937345469342813,1.1939352645081098
2019-01-31,United States,12506.723173370796,98214.23937892239,0.02568259574288946,1.0,0.03173412693479915,0.1800460274950268,0,1,0,0,0.0,0.1,1,0.8,0,1.1939352645081098,1.0738597223182011,1.1709988288882163,33.108090054149685,0.11181678546495344,1.1702288352875938
2019-02-28,United States,12883.59928890849,96264.12618309306,0.0350956783273419,1.0,0.033347913528133044,0.08597323155132161,0,1,0,0,0.0,0.1,1,0.8,0,1.1702288352875938,1.1939352645081098,1.0233341786141585,224.83169512307728,-0.019855707361389308,0.9644339678459352
2019-03-31,United States,13898.704301782216,79335.24655728202,0.03268245041364944,1.0,0.028546666458390917,0.08688214586608059,0,1,0,0,0.0,0.1,1,0.8,0,0.9644339678459352,1.1702288352875938,1.0738597223182011,719.9635703142543,-0.17585865365476383,1.053941784318913
2019-04-30,United States,13365.697056214087,86698.24384422746,0.03031503632679241,1.0,0.03155854621590591,0.1732481107042126,0,1,0,0,0.0,0.1,1,0.8,0,1.053941784318913,0.9644339678459352,1.1939352645081098,507.765229253111,0.09280865197323318,1.052949067571769
2019-05-31,United States,13581.310427385948,86616.58202960668,0.027911952339513383,1.0,0.030007509856155384,0.18701905725837392,0,1,0,0,0.0,0.1,1,0.8,0,1.052949067571769,1.053941784318913,1.1702288352875938,268.1183573103428,-0.0009419085208633993,1.0724382207925687
2019-06-30,United States,12968.866653751671,88219.7781296136,0.03253006315684597,1.0,0.02758479583241573,0.09630232227620422,0,1,0,0,0.0,0.1,1,0.8,0,1.0724382207925687,1.052949067571769,0.9644339678459352,310.6581374035356,0.018509112948591255,1.0106386198148933
2019-07-31,United States,13627.967840448357,83136.0847465859,0.0341193339579196,1.0,0.028249592224706313,0.14330201402600343,0,1,0,0,0.0,0.1,1,0.8,0,1.0106386198148933,1.0724382207925687,1.053941784318913,367.8039931726082,-0.05762532496464301,1.0236896753565912
2019-08-31,United States,14925.74213107648,84209.67686771989,0.03457442410758166,1.0,0.027787775637051256,0.0967566202963415,0,1,0,0,0.0,0.1,1,0.8,0,1.0236896753565912,1.0106386198148933,1.052949067571769,995.6567445222464,0.012913671895982137,0.8850537675386358
2019-09-30,United States,14021.014470250399,72805.35651492709,0.028410616540976444,1.0,0.03144873858526487,0.09776815031166891,0,1,0,0,0.0,0.1,1,0.8,0,0.8850537675386358,1.0236896753565912,1.0724382207925687,665.4867770885556,-0.1354276702748448,0.9734133228505588
2019-10-31,United States,13608.478723714383,80073.89675726231,0.031004621448114805,1.0,0.026831410174703765,0.11949302361200996,0,1,0,0,0.0,0.1,1,0.8,0,0.9734133228505588,0.8850537675386358,1.0106386198148933,673.7829480885556,0.09983524001898081,0.9785687145286379
2019-11-30,United States,14360.96197085765,80497.98413236096,0.036330553699859124,1.0,0.027753767786176223,0.17388810721200287,0,1,0,0,0.0,0.1,1,0.8,0,0.9785687145286379,0.9734133228505588,1.0236896753565912,376.8246901347172,0.005296200038624965,1.0260755029951014
2019-12-31,United States,15664.318528558038,84405.93729638058,0.02552804070067089,1.0,0.030482253931563973,0.0611187022625814,0,1,0,0,0.0,0.1,1,0.8,0,1.0260755029951014,0.9785687145286379,0.8850537675386358,1040.147958778935,0.048547217748880156,0.911925374681769
2020-01-31,United States,15146.33031425938,75015.84022782702,0.030694680926931776,1.0,0.028913595199101794,0.0881149562081281,0,1,0,1,0.7,0.1,1,0.8,0,0.911925374681769,1.0260755029951014,0.9734133228505588,656.2333860082365,-0.1112492482084696,0.947858846606609
2020-02-29,United States,14775.14758335339,77971.76147268279,0.01983527972540195,1.0,0.03381571804015343,0.1828803296423432,0,1,0,1,0.7,0.1,1,0.8,0,0.947858846606609,0.911925374681769,0.9785687145286379,446.60075005008883,0.03940396102847732,0.9227234683375264
2020-03-31,United States,12376.089085076232,75904.10158224769,0.03552874099079447,1.0,0.023561185472280453,0.057414812568214825,0,1,0,1,0.7,0.1,1,0.8,0,0.9227234683375264,0.947858846606609,1.0260755029951014,1503.7450341145604,-0.02651806053092054,0.8883926195835941
2020-04-30,United States,13693.350366936953,73080.01362887827,0.03079365342101609,1.0,0.027170862260575697,0.18240225739704857,0,1,0,1,0.7,0.1,1,0.8,0,0.8883926195835941,0.9227234683375264,0.911925374681769,1201.4535765959945,-0.03720599933996083,0.869793946030225
2020-05-31,United States,12793.956171489923,71550.06922502184,0.023992583601062514,1.0,0.03055730587800614,0.12262207963237101,0,1,0,1,0.7,0.1,1,0.8,0,0.869793946030225,0.8883926195835941,0.947858846606609,673.1394240672114,-0.020935195929572936,0.8927188214363195
2020-06-30,United States,13798.220783820387,73435.89106796218,0.03559023309915905,1.0,0.029543625036785044,0.1902120649542216,0,1,0,1,0.7,0.1,1,0.8,0,0.8927188214363195,0.869793946030225,0.9227234683375264,552.0348924238763,0.026356673911935857,0.9385978463334727
2020-07-31,United States,14324.65975983023,77209.94286764409,0.02812484786638353,1.0,0.029094732815462605,0.13712142572362335,0,1,0,1,0.7,0.1,1,0.8,0,0.9385978463334727,0.8927188214363195,0.8883926195835941,777.6823347185488,0.05139246960575683,0.849309302606848
2020-08-31,United States,11806.281711186057,69864.98316333801,0.01282354597625875,1.0,0.0286808687064011,0.06778573405463545,0,1,0,1,0.7,0.1,1,0.8,0,0.849309302606848,0.9385978463334727,0.869793946030225,1328.3565824257366,-0.09512971298135864,0.9263789066518707
2020-09-30,United States,13440.666883675243,76204.80138089867,0.01504715789027581,1.0,0.02669142400451041,0.16509059312949087,0,1,0,1,0.7,0.1,1,0.8,0,0.9263789066518707,0.849309302606848,0.8927188214363195,1277.6858177344395,0.09074385952027986,0.9521518030749173
2020-10-31,United States,14350.155179906882,78324.90411513203,0.025393865042148578,1.0,0.03184434690608576,0.1508933844245454,0,1,0,1,0.7,0.1,1,0.8,0,0.9521518030749173,0.9263789066518707,0.9385978463334727,1289.035561824989,0.027821117512482285,0.9513351201237488
2020-11-30,United States,12597.408796185857,78257.72300636748,0.01294615185762169,1.0,0.033572097118222836,0.08649388121393939,0,1,0,1,0.7,0.1,1,0.8,0,0.9513351201237488,0.9521518030749173,0.849309302606848,876.5817178816429,-0.0008577234728024408,0.8842815983231912
2020-12-31,United States,14192.917119486487,72741.83714798892,0.02673149537610136,1.0,0.03154380441214358,0.07635656084376188,0,1,0,1,0.7,0.1,1,0.8,0,0.8842815983231912,0.9513351201237488,0.9263789066518707,969.750011000584,-0.07048359761157064,0.9491390664209218
2021-01-31,United States,12937.898895868406,78077.07356039666,0.01823787711083031,1.0,0.03030929322809302,0.16449836319193462,1,1,0,1,0.7,0.1,1,0.8,0,0.9491390664209218,0.8842815983231912,0.9521518030749173,840.3026299412562,0.07334481258087444,1.0694960774373892
2021-02-28,United States,12834.099217057366,87977.75464612785,0.023577310806202414,1.0,0.03087925720219797,0.09911895624760847,1,1,0,1,0.7,0.1,1,0.8,0,1.0694960774373892,0.9491390664209218,0.9513351201237488,756.3322910485938,0.12680650841853747,1.0596834644731412
2021-03-31,United States,14189.344202495475,87170.55986157611,0.014379749440645963,1.0,0.032592680479842186,0.06609351980537506,1,1,0,1,0.7,0.1,1,0.8,0,1.0596834644731412,1.0694960774373892,0.8842815983231912,754.2743421500764,-0.009174987333997464,0.984699925924455
2021-04-30,United States,14006.04636484191,81002.3433565268,0.018046547651446292,1.0,0.035983313785865605,0.06443618123426542,1,1,0,1,0.7,0.1,1,0.8,0,0.984699925924455,1.0596834644731412,0.9491390664209218,735.2717394546761,-0.07076031764444579,1.031224022559548
2021-05-31,United States,15612.70115640394,84829.45936493926,0.017261669663350316,1.0,0.030115795301731432,0.14395858232736383,1,1,0,1,0.7,0.1,1,0.8,0,1.031224022559548,0.984699925924455,1.0694960774373892,879.4773765119152,0.0472469789122969,1.0508557299647332
2021-06-30,United States,14404.431633254206,86444.38210641987,0.01861392498482658,1.0,0.035195536987235126,0.15960800304228684,1,1,0,1,0.7,0.1,1,0.8,0,1.0508557299647332,1.031224022559548,1.0596834644731412,836.6566083635167,0.01903728673470817,1.0785083546478975
2021-07-31,United States,12586.546310788262,88719.11305777235,0.013950071168459494,1.0,0.023212059022943272,0.09453139644198097,1,1,0,1,0.7,0.1,1,0.8,0,1.0785083546478975,1.0508557299647332,0.984699925924455,1523.2769192245376,0.026314387308039366,1.0820830498944976
2021-08-31,United States,13501.885471691714,89013.17085562198,0.007785789423358355,1.0,0.030970562616782008,0.0765993089482237,1,1,0,1,0.7,0.1,1,0.8,0,1.0820830498944976,1.0785083546478975,1.031224022559548,908.950163546934,0.0033144808115714852,1.0726745353228138
2021-09-30,United States,13866.976858932823,88239.21758544688,0.012634977592613953,1.0,0.02752106885506741,0.18498243093252703,1,1,0,1,0.7,0.1,1,0.8,0,1.0726745353228138,1.0820830498944976,1.0508557299647332,659.6261427433838,-0.00869481743808953,1.1553936891233054
2021-10-31,United States,12186.544906964971,95043.77308698028,0.024118375647998076,1.0,0.02780191887588635,0.12913546579678903,1,1,0,1,0.7,0.1,1,0.8,0,1.1553936891233054,1.0726745353228138,1.0785083546478975,883.8612322689577,0.07711486669681955,1.0041882535436797
2021-11-30,United States,11859.625122444519,82605.47154177056,0.01377721245119717,1.0,0.03278766224678288,0.19637379209585615,1,1,0,1,0.7,0.1,1,0.8,0,1.0041882535436797,1.1553936891233054,1.0820830498944976,1077.0475913879982,-0.13086918943997183,1.0948902814423203
2021-12-31,United States,12555.27887458614,90066.70578537161,0.015936928037682124,1.0,0.025893308536132247,0.19565105553003842,1,1,0,1,0.7,0.1,1,0.8,0,1.0948902814423203,1.0041882535436797,1.0726745353228138,348.0362594274086,0.09032372921965792,1.0493216863409927
2022-01-31,United States,13481.114524893434,86318.19023307586,0.01418632253008085,1.0,0.05298122951151357,0.13678045884951345,1,1,0,1,0.7,0.15,1,0.8,0,1.0493216863409927,1.0948902814423203,1.1553936891233054,813.4631395565208,-0.041619325583289735,1.0270778134783598
2022-02-28,United States,12963.416059460198,84488.3883007701,0.011857966764146025,1.0,0.05315375533480906,0.08435376540847574,1,1,0,1,0.7,0.15,1,0.8,0,1.0270778134783598,1.0493216863409927,1.0041882535436797,463.9970032534241,-0.021198335221868647,1.096244207524256
2022-03-31,United States,12474.058486291606,90178.08102008115,0.015626451684114848,1.0,0.044088655862569,0.06750444265630212,1,1,0,1,0.7,0.15,1,0.8,0,1.096244207524256,1.0270778134783598,1.0948902814423203,503.5944797840741,0.06734289567764429,1.1613484904091227
2022-04-30,United States,14999.60506923368,95533.62064934381,0.016793184245690852,1.0,0.04647998977381132,0.11275992293743595,1,1,0,1,0.7,0.15,1,0.8,0,1.1613484904091227,1.096244207524256,1.0493216863409927,1339.398002869845,0.05938848519154094,1.0622697412116335
2022-05-31,United States,13737.683894471042,87383.30942199644,0.01742321478581372,1.0,0.04606753878740761,0.05846892439043644,1,1,0,1,0.7,0.15,1,0.8,0,1.0622697412116335,1.1613484904091227,1.0270778134783598,1262.7733873054715,-0.08531353854223844,1.043848193092322
2022-06-30,United States,11612.760256498972,85867.93552317303,0.006965689738438993,1.0,0.04861881270527138,0.06115564097025223,1,1,0,1,0.7,0.15,1,0.8,0,1.043848193092322,1.0622697412116335,1.096244207524256,1711.6494629486774,-0.017341685830474463,0.9272588030690432
2022-07-31,United States,15234.187356092343,76277.18248891497,0.012321877369156194,1.0,0.05328018076412713,0.1751935676790463,1,1,0,1,0.7,0.15,1,0.8,0,0.9272588030690432,1.043848193092322,1.1613484904091227,1819.778251854076,-0.1116919019401581,0.9758964827625666
2022-08-31,United States,14223.175970693292,80278.16383041434,0.0076548246517632226,1.0,0.04802849763416263,0.10232664576777742,1,1,0,1,0.7,0.15,1,0.8,0,0.9758964827625666,0.9272588030690432,1.0622697412116335,1868.6514058712967,0.05245318732218274,0.9974206865455996
2022-09-30,United States,13636.903381224933,82048.76510640433,0.02036121678369934,1.0,0.05139929869472413,0.05842261723300398,1,1,0,1,0.7,0.15,1,0.8,0,0.9974206865455996,0.9758964827625666,1.043848193092322,807.999140566478,0.022055826784109556,1.0028529539906066
2022-10-31,United States,15040.640743503192,82495.62854286883,0.0008592180000099869,1.0,0.04593483571878758,0.06469281099683935,1,1,0,1,0.7,0.15,1,0.8,0,1.0028529539906066,0.9974206865455996,0.9272588030690432,705.0346074488491,0.005446315199076901,0.9501114690212842
2022-11-30,United States,13775.113785939258,78157.06431417009,0.004546945846321268,1.0,0.04945202023593619,0.051256373900966073,1,1,0,1,0.7,0.15,1,0.8,0,0.9501114690212842,1.0028529539906066,0.9758964827625666,773.6428093278951,-0.05259144399929283,0.9589837415143645
2022-12-31,United States,14662.71709059682,78886.90580589403,0.005925498079644078,1.0,0.049325649697199554,0.05596597610256289,1,1,0,1,0.7,0.15,1,0.8,0,0.9589837415143645,0.9501114690212842,0.9974206865455996,649.6440556420728,0.009338138505179394,0.95171023653396
2023-01-31,United States,12540.81939749998,78288.5804355788,0.011146152781764328,1.0,0.050073030943909,0.1286815007620959,1,1,0,1,0.7,0.15,1,0.8,0,0.95171023653396,0.9589837415143645,1.0028529539906066,1065.6588012227958,-0.00758459676169132,0.8581207565162835
2023-02-28,United States,14775.927073675857,70589.8216610887,0.011236255545128028,1.0,0.049502055612406434,0.06298962563464654,1,1,0,1,0.7,0.15,1,0.8,0,0.8581207565162835,0.95171023653396,0.9501114690212842,1259.0322106244316,-0.09833820886336231,0.9090703962047302
2023-03-31,United States,13361.499066049546,74780.9870093143,0.011239102035149075,1.0,0.050841189070823335,0.08920300348793175,1,1,0,1,0.7,0.15,1,0.8,0,0.9090703962047302,0.8581207565162835,0.9589837415143645,1130.6213653878492,0.059373508100756256,0.9006352545547194
2023-04-30,United States,15804.899153680268,74087.10431245754,0.016252557808053077,1.0,0.05111634948178032,0.14317160481955102,1,1,0,1,0.7,0.15,1,0.8,0,0.9006352545547194,0.9090703962047302,0.95171023653396,1226.756843498373,-0.009278865184947804,0.8457576115256944
2023-05-31,United States,14966.510352760826,69572.81770980472,0.004611722633527553,1.0,0.04936069394574799,0.1363895732719746,1,1,0,1,0.7,0.15,1,0.8,0,0.8457576115256944,0.9006352545547194,0.8581207565162835,1241.582390890214,-0.0609321506697591,0.8310214799070778
2023-06-30,United States,16425.728190676407,68360.60964347677,0.00859979586133492,1.0,0.05355804867397084,0.11117080353212114,1,1,0,1,0.7,0.15,1,0.8,0,0.8310214799070778,0.8457576115256944,0.9090703962047302,732.3069908601975,-0.01742358734677374,0.8177552971107794
2023-07-31,United States,15415.901685325052,67269.32095175948,0.019679386999254526,1.0,0.05210533875611794,0.08283804130051023,1,1,0,1,0.7,0.15,1,0.8,0,0.8177552971107794,0.8310214799070778,0.9006352545547194,747.3306763837958,-0.015963706254357835,0.8676424297728869
2023-08-31,United States,15382.161103761426,71373.083471265,0.00804154662418232,1.0,0.04605344446548879,0.183544144372508,1,1,0,1,0.7,0.15,1,0.8,0,0.8676424297728869,0.8177552971107794,0.8457576115256944,593.0036906359567,0.0610049642458621,0.9287314456944639
2023-09-30,United States,15508.784033108683,76398.32345830603,0.01534450688155783,1.0,0.05238848297477132,0.07781681836932135,1,1,0,1,0.7,0.15,1,0.8,0,0.9287314456944639,0.8676424297728869,0.8310214799070778,65.57301733064408,0.0704080550066779,0.8376966152018148
2023-10-31,United States,15849.68823084759,68909.71255986822,0.019532930756215393,1.0,0.05250244367458505,0.19783000254155325,1,1,0,1,0.7,0.15,1,0.8,0,0.8376966152018148,0.9287314456944639,0.8177552971107794,241.8093783797819,-0.0980206182472666,0.8975210044678376
2023-11-30,United States,16125.993678765652,73830.92316712144,0.012784110736200253,1.0,0.048760106383575585,0.1019296463792892,1,1,0,1,0.7,0.15,1,0.8,0,0.8975210044678376,0.8376966152018148,0.8676424297728869,309.16773205867514,0.07141534080522693,0.9856465307606948
2023-12-31,United States,15189.951779597854,81080.21196192561,0.010145927241419897,1.0,0.05818602163108317,0.1574290475809494,1,1,0,1,0.7,0.15,1,0.8,0,0.9856465307606948,0.8975210044678376,0.9287314456944639,480.9316172206909,0.09818770352356165,0.8125993966379045
2024-01-31,United States,15972.975736173452,66845.1917227217,0.01944097239169297,1.0,0.031193408300667132,0.05518415766159492,1,1,0,1,0.7,0.15,1,0.8,0,0.8125993966379045,0.9856465307606948,0.8376966152018148,502.1147684750837,-0.17556713154485237,0.9294532805265542
2024-02-29,United States,16511.918450325127,76457.7022714615,0.018170822522436528,1.0,0.03529577406009321,0.0525914313071735,1,1,0,1,0.7,0.15,1,0.8,0,0.9294532805265542,0.8125993966379045,0.8975210044678376,664.728220681564,0.1438025727955592,0.9831045339589825
2024-03-31,United States,18281.007288226327,80871.10491081033,0.026967342432103046,1.0,0.03258936068477855,0.13439533267045317,1,1,0,1,0.7,0.15,1,0.8,0,0.9831045339589825,0.9294532805265542,0.9856465307606948,1207.4176445894943,0.05772345372973864,0.9593782700406126
2024-04-30,United States,17327.27357942484,78919.36009405403,0.016528344083169368,1.0,0.028990558864307906,0.0586789274985034,1,1,0,1,0.7,0.15,1,0.8,0,0.9593782700406126,0.9831045339589825,0.8125993966379045,885.4459601655562,-0.024134019423980968,1.113477213088731
2024-05-31,United States,17371.806113705323,91595.68428890238,0.018376606529755483,1.0,0.028139540617769087,0.13957282990459097,1,1,0,1,0.7,0.15,1,0.8,0,1.113477213088731,0.9593782700406126,0.9294532805265542,538.243735009996,0.16062375796941386,0.9341793442260804
2024-06-30,United States,19655.281649728917,76846.47272267732,0.024452870463906873,1.0,0.02896416856797324,0.0667604894602952,1,1,0,1,0.7,0.15,1,0.8,0,0.9341793442260804,1.113477213088731,0.9831045339589825,1331.4068527707632,-0.16102518017884448,1.060204834551512
2024-07-31,United States,16486.918817505473,87213.44825528079,0.02714062697653125,1.0,0.031729076569693024,0.17325837687229084,1,1,0,1,0.7,0.15,1,0.8,0,1.060204834551512,0.9341793442260804,0.9593782700406126,1634.8195153803229,0.13490502771696078,1.1182320734076159
2024-08-31,United States,19360.309979387075,91986.82357714907,0.019013471878610973,1.0,0.03528512174843685,0.06510903888863115,1,1,0,1,0.7,0.15,1,0.8,0,1.1182320734076159,1.060204834551512,1.113477213088731,1750.328925854589,0.05473210172697485,1.0361277256878567
2024-09-30,United States,16801.956287827103,85232.8426028783,0.03218592029261108,1.0,0.03397870216364713,0.09908770618160288,1,1,0,1,0.7,0.15,1,0.8,0,1.0361277256878567,1.1182320734076159,0.9341793442260804,1575.9018046822957,-0.07342335251533305,1.1035685123372085
2024-10-31,United States,18837.40007893095,90780.58523246815,0.028402398806734307,1.0,0.028809918351174676,0.17244544041355242,1,1,0,1,0.7,0.15,1,0.8,0,1.1035685123372085,1.0361277256878567,1.060204834551512,1351.6434318918275,0.06508925972864943,1.0035350066039728
2024-11-30,United States,20592.114572255654,82551.73483324276,0.01442450740683506,1.0,0.03108538424018122,0.12404448290611961,1,1,0,1,0.7,0.15,1,0.8,0,1.0035350066039728,1.1035685123372085,1.1182320734076159,1896.811104672371,-0.09064548744814982,1.1453985791601373
2024-12-31,United States,17272.712807628028,94221.56592741063,0.02247713521367927,1.0,0.03244905343604551,0.17938443078057753,1,1,0,1,0.7,0.15,1,0.8,0,1.1453985791601373,1.0035350066039728,1.0361277256878567,1660.607182382162,0.1413638504113972,1.0656773933059822
2025-01-31,United States,19654.989926224396,87663.62609281052,0.022960163378988232,1.0,0.0319303825346552,0.11578705182980607,1,1,0,1,0.7,0.15,1,0.8,0,1.0656773933059822,1.1453985791601373,1.1035685123372085,1711.3286722603016,-0.06960126134660527,1.1106873822334784
2025-02-28,United States,21561.52213172052,91366.19017511778,0.031237195485193638,1.0,0.032219655768324994,0.186013297720725,1,1,0,1,0.7,0.15,1,0.8,0,1.1106873822334784,1.0656773933059822,1.0035350066039728,2148.797909638693,0.04223603616837979,1.0148316451914827
2025-03-31,United States,20938.255486743998,83481.00696330919,0.02326035573525141,1.0,0.024774467099341578,0.06969674143939106,1,1,0,1,0.7,0.15,1,0.8,0,1.0148316451914827,1.1106873822334784,1.1453985791601373,972.119407973398,-0.08630307553259464,1.0800941556805215
