date,Open,High,Low,Close,Volume,Quote asset volume,Number of trades,country,year,gdp_growth,usd_fx_rate,cpi_inflation,classified_as_security,classified_as_commodity,classified_as_DFA,exchange_license_required,license_intensity,tax_rate,aml_flag,aml_severity,payment_ban,%_crypto_owning,on_chain_usd_volume_share,annual_gdp_billions_usd,monthly_gdp_billions_usd,vol_to_gdp_ratio,usd_vol_to_gdp_ratio
2018-01-31,13715.65,17176.24,9035.0,10285.1,816675.564467,9979686765.57534,7214977,Indonesia,2018,0.024338847675582306,19.090568880439225,0.009975071618198845,0.0,1.0,0.0,0.0,0.6,0.25,1.0,0.5,0.0,0.1,0.051,1100.0,91.66666666666667,0.008909187976003636,0.1088693101699128
2018-02-28,10285.1,11786.01,6000.01,10326.76,1243940.85531,11576600898.496582,11684784,Indonesia,2018,0.011886130568040726,0.9264340751868146,0.024566878470389464,0.0,0.0,0.0,0.0,0.6,0.25,1.0,0.5,0.0,0.1,0.051,1100.0,91.66666666666667,0.01357026387610909,0.12629019161996272
2018-03-31,10325.64,11710.0,6600.1,6923.91,1235326.31402,10789435243.860195,9237002,Indonesia,2018,0.02827408895012319,37.28973844875757,0.026423008969216684,1.0,0.0,0.0,0.0,0.6,0.25,1.0,0.5,0.0,0.1,0.051,1100.0,91.66666666666667,0.013476287062036362,0.1177029299330203
2018-04-30,6922.0,9759.82,6430.0,9246.01,1110964.015581,8963408127.53917,7421056,Indonesia,2018,0.01863502308321142,44.82077046511364,0.0318222859137771,0.0,1.0,0.0,0.0,0.6,0.25,1.0,0.5,0.0,0.1,0.051,1100.0,91.66666666666667,0.012119607442701817,0.09778263411860912
2018-05-31,9246.01,10020.0,7032.95,7485.01,914476.377885,7717053810.960644,7433740,Indonesia,2018,0.017873847202624134,94.92400171299393,0.03752803069456667,0.0,1.0,0.0,0.0,0.6,0.25,1.0,0.5,0.0,0.1,0.051,1100.0,91.66666666666667,0.009976105940563635,0.0841860415741161
2018-06-30,7485.01,7786.69,5750.0,6390.07,942249.765944,6334765066.668446,6911213,Indonesia,2018,0.031897214765543025,15.943400700667151,0.04191529974533168,0.0,1.0,0.0,0.0,0.6,0.25,1.0,0.5,0.0,0.1,0.051,1100.0,91.66666666666667,0.010279088355752726,0.0691065280000194
2018-07-31,6391.08,8491.77,6070.0,7730.93,1102510.436786,7956324970.008916,6137961,Indonesia,2018,0.0027450991979962452,24.820097852038135,0.041334555388437916,0.0,1.0,0.0,0.0,0.6,0.25,1.0,0.5,0.0,0.1,0.051,1100.0,91.66666666666667,0.012027386583119998,0.08679627240009725
2018-08-31,7735.67,7750.0,5880.0,7011.21,1408159.816556,9361010282.352654,6947401,Indonesia,2018,0.01324007363457025,77.76725987422213,0.014741612765502158,0.0,1.0,0.0,0.0,0.6,0.25,1.0,0.5,0.0,0.1,0.051,1100.0,91.66666666666667,0.01536174345333818,0.10212011217111985
2018-09-30,7011.21,7410.0,6111.0,6626.57,1100653.423315,7274119992.680284,5764608,Indonesia,2018,0.026001090443741097,94.38049645858777,0.03801882730969457,0.0,1.0,0.0,0.0,0.6,0.25,1.0,0.5,0.0,0.1,0.051,1100.0,91.66666666666667,0.012007128254345453,0.0793540362837849
2018-10-31,6626.57,7680.0,6205.0,6371.93,629922.086219,4151246611.5536914,3852914,Indonesia,2018,0.01809808860467914,54.26176067622912,0.00829210702084247,0.0,1.0,0.0,0.0,0.6,0.25,1.0,0.5,0.0,0.1,0.051,1100.0,91.66666666666667,0.006871877304207273,0.04528632667149481
2018-11-30,6369.52,6615.15,3652.66,4041.32,1210366.564567,5762104292.969666,6810329,Indonesia,2018,0.01482527370445675,68.47332201743157,0.021254564704057295,0.0,1.0,0.0,0.0,0.6,0.25,1.0,0.5,0.0,0.1,0.051,1100.0,91.66666666666667,0.013203998886185453,0.06285931955966907
2018-12-31,4041.27,4312.99,3156.26,3702.9,1591229.611862,5893039910.760216,7933980,Indonesia,2018,0.022533348967100346,72.92607211150069,0.045155223011869236,1.0,1.0,0.0,0.0,0.6,0.25,1.0,0.5,0.0,0.1,0.051,1100.0,91.66666666666667,0.01735886849304,0.06428770811738417
2019-01-31,3701.23,4069.8,3349.92,3434.1,908244.14054,3320676978.282867,6315903,Indonesia,2019,0.02502720350096303,42.739883452045426,0.045591214195465954,0.0,1.0,0.0,0.0,0.6,0.25,1.0,0.5,1.0,0.1,0.051,1114.2580385765111,92.8548365480426,0.009781333684972665,0.03576202491686867
2019-02-28,3434.1,4198.0,3373.1,3813.69,861783.986727,3202849295.152803,5866928,Indonesia,2019,0.0027741157570855685,81.54186393236701,0.0495208434214261,0.0,0.0,0.0,0.0,0.6,0.25,1.0,0.5,1.0,0.1,0.051,1114.2580385765111,92.8548365480426,0.009280981139642819,0.03449307988922758
2019-03-31,3814.26,4140.0,3670.69,4103.95,787190.48925,3091934416.096792,5549651,Indonesia,2019,0.030946554799995283,62.636365999614966,0.02173748826457605,0.0,1.0,0.0,0.0,0.6,0.25,1.0,0.5,1.0,0.1,0.051,1114.2580385765111,92.8548365480426,0.008477646598868458,0.03329858229298634
2019-04-30,4102.44,5600.0,4067.0,5320.81,1126961.315101,5743659745.683714,7878682,Indonesia,2019,0.03713936996564815,41.91453018360895,0.05926556314297623,0.0,1.0,0.0,0.0,0.6,0.25,1.0,0.5,1.0,0.1,0.051,1114.2580385765111,92.8548365480426,0.012136807914339673,0.06185633359778706
2019-05-31,5321.94,9074.26,5316.2,8555.0,1498410.025617,11148664963.531687,12978067,Indonesia,2019,0.02419553332312688,16.72738722806323,0.03175641120176538,0.0,1.0,0.0,0.0,0.6,0.25,1.0,0.5,1.0,0.1,0.051,1114.2580385765111,92.8548365480426,0.016137124153373858,0.12006552784962823
2019-06-30,8555.0,13970.0,7444.58,10854.1,1689489.647326,17039339677.99758,15717591,Indonesia,2019,0.01696322415083198,42.561255907473154,0.043609523627547775,1.0,1.0,0.0,0.0,0.6,0.25,1.0,0.5,1.0,0.1,0.051,1114.2580385765111,92.8548365480426,0.018194955805580112,0.18350513889690082
2019-07-31,10854.1,13147.08,9060.0,10080.53,1886176.065915,20321356634.297855,17005268,Indonesia,2019,0.020023374814044485,5.678804058451475,0.030946618198921347,0.0,1.0,0.0,0.0,0.6,0.25,1.0,0.5,1.0,0.1,0.051,1114.2580385765111,92.8548365480426,0.02031316984699125,0.2188508147745615
2019-08-31,10080.53,12330.7,9320.0,9587.47,1201961.576316,12906016545.404419,11862163,Indonesia,2019,0.011913110235901341,48.1860847739411,0.03509823139624118,0.0,1.0,0.0,0.0,0.6,0.25,1.0,0.5,1.0,0.1,0.051,1114.2580385765111,92.8548365480426,0.012944523096479863,0.13899132264076428
2019-09-30,9588.74,10905.87,7710.0,8289.34,1116856.475836,10708237140.603718,10290100,Indonesia,2019,0.02262034437904885,49.738827988863775,0.04116581254853964,0.0,0.0,0.0,0.0,0.6,0.25,1.0,0.5,1.0,0.1,0.051,1114.2580385765111,92.8548365480426,0.012027983865526965,0.11532234117997
2019-10-31,8289.97,10370.0,7300.0,9140.85,1446763.024045,12389911486.343376,14098403,Indonesia,2019,-0.0024619017467156917,67.15869428187239,0.03900495433985304,0.0,1.0,0.0,0.0,0.6,0.25,1.0,0.5,1.0,0.1,0.051,1114.2580385765111,92.8548365480426,0.015580911860164146,0.13343313010876823
2019-11-30,9140.86,9513.68,6515.0,7541.89,1499118.774995,12102536663.596674,12471724,Indonesia,2019,0.02346664882262597,97.48461138349803,0.015111785116621913,0.0,1.0,0.0,0.0,0.6,0.25,1.0,0.5,1.0,0.1,0.051,1114.2580385765111,92.8548365480426,0.01614475702856215,0.1303382474572004
2019-12-31,7540.63,7750.0,6435.0,7195.23,1307033.020384,9459566247.185167,10826717,Indonesia,2019,0.02409869705636951,9.061366282539245,0.05199575941171225,0.0,1.0,0.0,0.0,0.6,0.25,1.0,0.5,1.0,0.1,0.051,1114.2580385765111,92.8548365480426,0.014076089829825375,0.10187478217454873
2020-01-31,7195.24,9578.0,6871.04,9352.89,1691323.137782,14188275899.577446,14894658,Indonesia,2020,0.021470693989091582,69.32809365616836,0.03990648515168868,0.0,1.0,0.0,1.0,0.6,0.25,1.0,0.5,1.0,0.1,0.051,1065.4809241062717,88.79007700885597,0.01904856032069109,0.15979573819000403
2020-02-29,9351.71,10500.0,8445.0,8523.61,1609726.154564,15497862132.125307,17837429,Indonesia,2020,0.022049287604661603,79.27303209838347,0.05649819755558431,0.0,1.0,0.0,1.0,0.6,0.25,1.0,0.5,1.0,0.1,0.051,1065.4809241062717,88.79007700885597,0.01812957268190504,0.17454497905863448
2020-03-31,8523.61,9188.0,3782.13,6410.44,3789768.913125,24019544659.32284,28381746,Indonesia,2020,0.0009494304441023463,66.82133393980165,0.025152949785307178,0.0,1.0,0.0,1.0,0.6,0.25,1.0,0.5,1.0,0.1,0.051,1065.4809241062717,88.79007700885597,0.042682347406309905,0.27052059721636595
2020-04-30,6412.14,9460.0,6150.11,8620.0,2528373.691121,18428838833.75182,22386100,Indonesia,2020,0.030447669442856682,88.22733071839205,0.017465763175735036,0.0,1.0,0.0,1.0,0.6,0.25,1.0,0.5,1.0,0.1,0.051,1065.4809241062717,88.79007700885597,0.028475858747918626,0.2075551621822979
2020-05-31,8620.0,10067.0,8117.0,9448.27,2685340.078508,24747877574.699898,26310658,Indonesia,2020,0.015409187323984875,16.3643397143562,-0.018949253120883823,0.0,1.0,0.0,1.0,0.6,0.25,1.0,0.5,1.0,0.1,0.051,1065.4809241062717,88.79007700885597,0.030243695793170253,0.27872346109387347
2020-06-30,9448.27,10380.0,8833.0,9138.55,1504745.517922,14277079245.338604,16545761,Indonesia,2020,0.023588073961520083,44.945377503756774,0.051806574707615044,0.0,1.0,0.0,1.0,0.6,0.25,1.0,0.5,1.0,0.1,0.051,1065.4809241062717,88.79007700885597,0.01694722618352855,0.16079588762958952
2020-07-31,9138.08,11444.0,8893.03,11335.46,1507827.21494,14753365566.208982,20753644,Indonesia,2020,0.020833055672224838,25.36091541421487,0.057528702672790394,0.0,1.0,0.0,1.0,0.6,0.25,1.0,0.5,1.0,0.1,0.051,1065.4809241062717,88.79007700885597,0.016981933857199028,0.1661600717469529
2020-08-31,11335.46,12468.0,10518.5,11649.51,1891193.007128,21998484649.31155,30195218,Indonesia,2020,0.023736290662317618,16.108911018081336,0.033823955363389155,0.0,1.0,0.0,1.0,0.6,0.25,1.0,0.5,1.0,0.1,0.051,1065.4809241062717,88.79007700885597,0.021299598680822988,0.2477583688447236
2020-09-30,11649.51,12050.85,9825.0,10776.59,1730389.1601789999,18438729253.51499,26134850,Indonesia,2020,0.013980448755350778,73.96440262290176,0.002857183657282717,0.0,1.0,0.0,1.0,0.6,0.25,1.0,0.5,1.0,0.1,0.051,1065.4809241062717,88.79007700885597,0.019488542171288013,0.2076665532306713
2020-10-31,10776.59,14100.0,10374.0,13791.0,1592634.419946,19264362947.437504,22613534,Indonesia,2020,0.013739558865096119,20.488993775683173,0.021958978524394605,0.0,1.0,0.0,1.0,0.6,0.25,1.0,0.5,1.0,0.1,0.051,1065.4809241062717,88.79007700885597,0.017937076682421952,0.21696526905271257
2020-11-30,13791.0,19863.16,13195.05,19695.87,2707064.911165,45120124395.27153,42912200,Indonesia,2020,0.03892485082718003,80.69464470553457,0.047122629668779406,0.0,1.0,0.0,1.0,0.6,0.25,1.0,0.5,1.0,0.1,0.051,1065.4809241062717,88.79007700885597,0.030488372151034355,0.5081662941994207
2020-12-31,19695.87,29300.0,17572.33,28923.63,2495281.856217,55748654003.59772,45342713,Indonesia,2020,0.0023621398047104745,12.691623304897945,0.01570729924994381,0.0,1.0,0.0,1.0,0.6,0.25,1.0,0.5,1.0,0.1,0.051,1065.4809241062717,88.79007700885597,0.028103161302226592,0.6278703193154942
2021-01-31,28923.63,41950.0,28130.0,33092.98,3440864.750019,118838018199.71985,73759099,Indonesia,2021,0.01763037356930634,48.10252921848328,0.021436322494628533,0.0,1.0,1.0,1.0,0.6,0.25,1.0,0.5,1.0,0.1,0.051,1250.7528449421725,104.22940374518105,0.033012419014035524,1.140158284798921
2021-02-28,33092.97,58352.8,32296.16,45135.66,2518242.148517,115983202933.60136,65653181,Indonesia,2021,0.020908805057443972,4.489194362129869,0.03974252009680267,0.0,1.0,0.0,1.0,0.6,0.25,1.0,0.5,1.0,0.1,0.051,1250.7528449421725,104.22940374518105,0.024160573293440037,1.11276855442017
2021-03-31,45134.11,61844.0,44950.53,58740.55,2098808.027432,114277364895.2288,63155913,Indonesia,2021,0.029644055690847694,3.7505405510172745,0.028214561552992932,0.0,1.0,0.0,1.0,0.6,0.25,1.0,0.5,1.0,0.1,0.051,1250.7528449421725,104.22940374518105,0.020136429376139808,1.0964023662134048
2021-04-30,58739.46,64854.0,46930.0,57694.27,1993468.938007,113040658323.56618,62061792,Indonesia,2021,0.02463503285672326,59.822929510609754,0.01224414611314898,0.0,1.0,0.0,1.0,0.6,0.25,1.0,0.5,1.0,0.1,0.051,1250.7528449421725,104.22940374518105,0.01912578280578686,1.0845371292723385
2021-05-31,57697.25,59500.0,30000.0,37253.81,3536245.256573,154980424224.31555,83178232,Indonesia,2021,0.014585719006159823,56.98260994711929,0.017023294751976198,0.0,1.0,0.0,1.0,0.6,0.25,1.0,0.5,1.0,0.1,0.051,1250.7528449421725,104.22940374518105,0.03392752073319325,1.486916538477089
2021-06-30,37253.82,41330.0,28805.0,35045.0,2901775.305923,102481507278.73122,55904176,Indonesia,2021,0.02328889920271939,8.06266807168662,0.0581906530609097,0.0,1.0,0.0,1.0,0.6,0.25,1.0,0.5,1.0,0.1,0.051,1250.7528449421725,104.22940374518105,0.027840275408436855,0.9832302939128093
2021-07-31,35045.0,42448.0,29278.0,41461.83,1778463.264837,61788476064.5392,40228107,Indonesia,2021,0.008721692573535895,15.81201741091003,0.0056209685764520186,0.0,1.0,0.0,1.0,0.6,0.25,1.0,0.5,1.0,0.1,0.051,1250.7528449421725,104.22940374518105,0.017062970725467915,0.5928123336059661
2021-08-31,41461.84,50500.0,37332.7,47100.89,1635402.874245,73756799190.98482,51659027,Indonesia,2021,0.01847686921901472,19.882267772299762,0.010942707542939838,0.0,1.0,0.0,1.0,0.6,0.25,1.0,0.5,1.0,0.1,0.051,1250.7528449421725,104.22940374518105,0.015690417631508437,0.7076390782327093
2021-09-30,47100.89,52920.0,39600.0,43824.1,1527799.510768,70114825134.22693,41915331,Indonesia,2021,0.014006487556118299,69.84099097316614,0.030207368508661438,0.0,1.0,0.0,1.0,0.6,0.25,1.0,0.5,1.0,0.1,0.051,1250.7528449421725,104.22940374518105,0.014658047114067239,0.6726971719577608
2021-10-31,43820.01,67000.0,43283.03,61299.8,1565556.292623,90057212588.12695,49815374,Indonesia,2021,0.002424303209278913,34.07631368456584,0.07685496679949456,0.0,1.0,1.0,1.0,0.6,0.25,1.0,0.5,1.0,0.1,0.051,1250.7528449421725,104.22940374518105,0.015020294047258062,0.8640288570420865
2021-11-30,61299.81,69000.0,53256.64,56950.56,1291900.105248,78194635615.7968,45535890,Indonesia,2021,0.007181729306307267,42.05610041672623,0.03864195186585477,0.0,1.0,0.0,1.0,0.6,0.25,1.0,0.5,1.0,0.1,0.051,1250.7528449421725,104.22940374518105,0.01239477593488325,0.7502166644545547
2021-12-31,56950.56,59053.55,42000.3,46216.93,1233745.524318,60935346464.96546,38044561,Indonesia,2021,0.024416594155761844,97.09605493515068,0.02387917744462366,0.0,1.0,0.0,1.0,0.6,0.25,1.0,0.5,1.0,0.1,0.051,1250.7528449421725,104.22940374518105,0.011836827996581928,0.584627219147675
2022-01-31,46216.93,47990.0,32917.17,38466.9,1279407.465721,51219874505.32576,34735027,Indonesia,2022,0.035992298662974015,55.900070618830505,0.02236744759966675,0.0,1.0,0.0,1.0,0.6,0.3,1.0,0.5,0.0,0.1,0.051,1219.4928427043424,101.62440355869519,0.012589569246347928,0.5040115632830524
2022-02-28,38466.9,45821.0,34322.28,43160.0,1253514.21906,50460034907.55031,32130539,Indonesia,2022,0.032539913429528236,23.357199474800595,0.03769670333020875,0.0,1.0,0.0,1.0,0.6,0.3,1.0,0.5,0.0,0.1,0.051,1219.4928427043424,101.62440355869519,0.012334775655888676,0.4965346229895078
2022-03-31,43160.0,48189.84,37155.0,45510.34,1501398.79591,62901992842.08859,36916545,Indonesia,2022,0.03899165019039878,5.329084110986667,0.020446008869616405,1.0,1.0,0.0,1.0,0.6,0.3,1.0,0.5,0.0,0.1,0.051,1219.4928427043424,101.62440355869519,0.014773998600078744,0.6189654319177214
2022-04-30,45510.35,47444.11,37578.2,37630.8,1267655.68178,52631184274.742294,30889436,Indonesia,2022,0.016636513415184916,1.6463882351037233,0.02426607074337358,0.0,1.0,0.0,1.0,0.6,0.3,1.0,0.5,0.0,0.1,0.051,1219.4928427043424,101.62440355869519,0.012473929857289054,0.5178990717947398
2022-05-31,37630.8,40023.77,26700.0,31801.04,2387839.6808040002,75083768066.54288,45431716,Indonesia,2022,0.01805721928299788,93.91395886385747,0.010138234107476003,0.0,1.0,0.0,1.0,0.6,0.3,1.0,0.5,0.0,0.1,0.051,1219.4928427043424,101.62440355869519,0.023496715328074284,0.7388360023503288
2022-06-30,31801.05,31982.97,17622.0,19942.21,2816058.473226,66264559120.90303,43144553,Indonesia,2022,0.021417670383844876,92.86259484050515,0.02402074418532789,0.0,1.0,0.0,1.0,0.6,0.3,1.0,0.5,0.0,0.1,0.051,1219.4928427043424,101.62440355869519,0.027710455113269417,0.6520536091769593
2022-07-31,19942.21,24668.0,18781.0,23293.32,4983278.5881,108467653397.87392,122560442,Indonesia,2022,0.010284222289581231,34.25109362197763,0.030602245338706393,0.0,1.0,0.0,1.0,0.6,0.3,1.0,0.5,0.0,0.1,0.051,1219.4928427043424,101.62440355869519,0.049036239462126915,1.0673386470133257
2022-08-31,23296.36,25211.32,19520.0,20050.02,5692462.41571,127275534241.5204,181680670,Indonesia,2022,0.03673469800676327,38.02979739009698,0.02417761980326001,0.0,1.0,0.0,1.0,0.6,0.3,1.0,0.5,0.0,0.1,0.051,1219.4928427043424,101.62440355869519,0.05601471906717962,1.2524111314268123
2022-09-30,20048.44,22799.0,18125.98,19422.61,9838930.53657,194954443051.87833,175214455,Indonesia,2022,0.000732996046432937,32.05362973599828,0.025246714614242605,0.0,1.0,0.0,1.0,0.6,0.3,1.0,0.5,0.0,0.1,0.051,1219.4928427043424,101.62440355869519,0.09681661286097812,1.91838216240333
2022-10-31,19422.61,21085.0,18190.0,20490.74,7499121.81542,147758324643.9277,155718643,Indonesia,2022,0.034878141896530705,93.19046218287278,0.02621900547211229,0.0,1.0,0.0,1.0,0.6,0.3,1.0,0.5,0.0,0.1,0.051,1219.4928427043424,101.62440355869519,0.07379252967609037,1.4539649874411018
2022-11-30,20490.74,21480.65,15476.0,17163.64,9127693.509065,163721792600.4427,204731238,Indonesia,2022,0.007150133214404018,56.194727625309326,0.037567731341526626,0.0,1.0,0.0,1.0,0.6,0.3,1.0,0.5,0.0,0.1,0.051,1219.4928427043424,101.62440355869519,0.08981792944834475,1.6110480048808544
2022-12-31,17165.53,18387.95,16256.3,16542.4,5803833.88187,98636156444.71242,137340627,Indonesia,2022,0.018793059415402946,77.3249919433527,0.0011807231706641684,0.0,1.0,0.0,1.0,0.6,0.3,1.0,0.5,0.0,0.1,0.051,1219.4928427043424,101.62440355869519,0.057110631685212104,0.9705951817738655
2023-01-31,16541.77,23960.54,16499.01,23125.13,7977028.87801,164131402696.49188,195640242,Indonesia,2023,0.018358811063176612,14.416035867027253,0.03454529296489726,0.0,1.0,0.0,1.0,0.6,0.3,1.0,0.5,0.0,0.1,0.051,1325.7455549557953,110.47879624631628,0.07220416178526184,1.4856371382844837
2023-02-28,23125.13,25250.0,21351.07,23141.57,8642691.27165,202098042118.3695,237616543,Indonesia,2023,0.009834566819598404,98.99105978095773,0.020614812705556082,0.0,1.0,0.0,1.0,0.6,0.3,1.0,0.5,0.0,0.1,0.051,1325.7455549557953,110.47879624631628,0.07822941202564175,1.8292925790735894
2023-03-31,23141.57,29184.68,19549.09,28465.36,9516189.35846,230976895658.80542,225288488,Indonesia,2023,0.02134978044084844,58.91153978916341,0.057711209030857025,0.0,1.0,0.0,1.0,0.6,0.3,1.0,0.5,0.0,0.1,0.051,1325.7455549557953,110.47879624631628,0.08613588925465233,2.090689829239581
2023-04-30,28465.36,31000.0,26942.82,29233.21,1626745.5585,47014519902.68321,34498914,Indonesia,2023,0.032503803150730814,65.72914276399614,0.036728589950020235,0.0,1.0,0.0,1.0,0.6,0.3,1.0,0.5,0.0,0.1,0.051,1325.7455549557953,110.47879624631628,0.014724504735488924,0.42555242725366704
2023-05-31,29233.2,29820.0,25811.46,27210.35,1302000.49221,35924529010.97082,29655319,Indonesia,2023,0.025702530603754565,16.034949368729983,0.02540044159124961,0.0,1.0,0.0,1.0,0.6,0.3,1.0,0.5,0.0,0.1,0.051,1325.7455549557953,110.47879624631628,0.01178507131184834,0.3251712566715141
2023-06-30,27210.36,31431.94,24800.0,30472.0,1387207.48275,38711401831.08736,29570796,Indonesia,2023,0.02929740445742842,76.09742689162643,0.03178075716829314,0.0,1.0,0.0,1.0,0.6,0.3,1.0,0.5,0.0,0.1,0.051,1325.7455549557953,110.47879624631628,0.01255632329354108,0.3503966656622412
2023-07-31,30471.99,31804.2,28861.9,29232.25,925773.81731,27982969413.570107,21817642,Indonesia,2023,0.02360940527453243,74.08312380561249,0.04088810788589396,0.0,1.0,0.0,1.0,0.6,0.3,1.0,0.5,0.0,0.1,0.051,1325.7455549557953,110.47879624631628,0.008379651559978581,0.25328814545717093
2023-08-31,29232.26,30244.0,25166.0,25940.78,1025866.55023,28500591639.411907,20987443,Indonesia,2023,0.0008090847676575121,34.247314137128335,0.041028883009973635,0.0,1.0,0.0,1.0,0.6,0.3,1.0,0.5,0.0,0.1,0.051,1325.7455549557953,110.47879624631628,0.009285641997246198,0.25797340854320006
2023-09-30,25940.77,27483.57,24901.0,26962.56,809329.04893,21298398913.077843,21100209,Indonesia,2023,0.021500015506535467,81.14920588907721,0.0286467548541285,0.0,1.0,0.0,1.0,0.6,0.3,1.0,0.5,0.0,0.1,0.051,1325.7455549557953,110.47879624631628,0.007325650499717367,0.1927826844310679
2023-10-31,26962.57,35280.0,26538.66,34639.77,1141403.6799,34481112092.35803,39245039,Indonesia,2023,0.018683465404119266,7.160011622743342,0.04350438108751908,0.0,1.0,0.0,1.0,0.6,0.3,1.0,0.5,0.0,0.1,0.051,1325.7455549557953,110.47879624631628,0.010331427556064254,0.31210615307104905
2023-11-30,34639.78,38450.0,34097.39,37723.96,1055690.59638,38490444107.42635,37005526,Indonesia,2023,0.002865785868266142,15.52013721722651,0.0097765252590819,0.0,1.0,0.0,1.0,0.6,0.3,1.0,0.5,0.0,0.1,0.051,1325.7455549557953,110.47879624631628,0.00955559466837692,0.3483966644749693
2023-12-31,37723.97,44700.0,37615.86,42283.58,1195409.976,50669749699.392456,44162350,Indonesia,2023,0.04015511624520658,13.743448902708282,0.04800233188089226,0.0,1.0,0.0,1.0,0.6,0.3,1.0,0.5,0.0,0.1,0.051,1325.7455549557953,110.47879624631628,0.010820266119978283,0.45863777865955835
2024-01-31,42283.58,48969.48,38555.0,42580.0,1403408.84978,60830257410.58648,52549865,Indonesia,2024,0.012085979928308978,89.08950470769834,0.020390332692442104,0.0,1.0,0.0,1.0,0.6,0.3,1.0,0.5,0.0,0.1,0.051,1374.6715894860672,114.5559657905056,0.012250857823908412,0.5310090748292403
2024-02-29,42580.0,64000.0,41884.28,61130.98,1206112.69545,61810386480.104126,48050724,Indonesia,2024,0.00886878474736971,21.324535571762375,0.034077219410743834,0.0,0.0,0.0,1.0,0.6,0.3,1.0,0.5,0.0,0.1,0.051,1374.6715894860672,114.5559657905056,0.010528589123465472,0.5395649720516518
2024-03-31,61130.99,73777.0,59005.0,71280.01,1706807.381342,114890900621.64632,78610868,Indonesia,2024,0.0435778056074977,60.08677084580561,0.023896690236353733,0.0,1.0,0.0,1.0,0.6,0.3,1.0,0.5,0.0,0.1,0.051,1374.6715894860672,114.5559657905056,0.014899332126127126,1.0029237659412102
2024-04-30,71280.0,72797.99,59191.6,60672.0,1201500.9585199999,78870257314.33829,56536352,Indonesia,2024,0.01975050323327415,90.07048420893487,0.012766098619009677,1.0,1.0,0.0,1.0,0.6,0.3,1.0,0.5,0.0,0.1,0.051,1374.6715894860672,114.5559657905056,0.010488331622267902,0.6884866865735513
2024-05-31,60672.01,71979.0,56552.82,67540.01,945031.04072,61102526732.0654,40467569,Indonesia,2024,0.01919438324661224,71.27399966013083,0.05767889483142585,0.0,1.0,0.0,1.0,0.6,0.3,1.0,0.5,0.0,0.1,0.051,1374.6715894860672,114.5559657905056,0.00824951397510128,0.5333858111222836
2024-06-30,67540.01,71997.02,58402.0,62772.01,696818.1881799999,46007819231.09386,35341653,Indonesia,2024,0.022340465344090395,88.81453560234364,0.059979950789224454,0.0,1.0,0.0,1.0,0.6,0.3,1.0,0.5,0.0,0.1,0.051,1374.6715894860672,114.5559657905056,0.006082775203993368,0.4016187102401173
2024-07-31,62772.01,70079.99,53485.93,64628.0,908004.33426,56352575125.89188,54947978,Indonesia,2024,0.029668380619472388,72.39219452814943,0.045495126909959306,0.0,1.0,0.0,1.0,0.6,0.3,1.0,0.5,0.0,0.1,0.051,1374.6715894860672,114.5559657905056,0.007926294610623023,0.4919217845794844
2024-08-31,64628.01,65659.78,49000.0,58973.99,1010291.47396,59410017127.33833,68421354,Indonesia,2024,0.026040707630202033,33.88138691316405,0.03747973593309935,1.0,1.0,0.0,1.0,0.6,0.3,1.0,0.5,0.0,0.1,0.051,1374.6715894860672,114.5559657905056,0.00881919563933992,0.5186112894022865
2024-09-30,58974.0,66498.0,52550.0,63327.59,734117.07575,43783927982.82593,91935065,Indonesia,2024,0.026411800499589917,29.541129908758695,0.030216315352304776,0.0,1.0,0.0,1.0,0.6,0.3,1.0,0.5,0.0,0.1,0.051,1374.6715894860672,114.5559657905056,0.006408370534735116,0.3822055680879672
2024-10-31,63327.6,73620.12,58946.0,70292.01,756010.86343,49836497872.668884,116212071,Indonesia,2024,0.024304384192961454,50.816030680846346,0.043056426903751284,0.0,1.0,0.0,1.0,0.6,0.3,1.0,0.5,0.0,0.1,0.051,1374.6715894860672,114.5559657905056,0.006599489238409076,0.4350406155521176
2024-11-30,70292.01,99588.01,66835.0,96407.99,1343559.242196,116340254505.95044,192124856,Indonesia,2024,0.021386229105457687,60.02917893531856,0.026240980547884925,1.0,1.0,0.0,1.0,0.6,0.3,1.0,0.5,0.0,0.1,0.051,1374.6715894860672,114.5559657905056,0.011728409192176303,1.0155756944051946
2024-12-31,96407.99,108353.0,90500.0,93576.0,1019450.065773,100509976051.22847,179962652,Indonesia,2024,0.011803116837467044,96.37340087179068,0.008922051723039497,0.0,1.0,0.0,1.0,0.6,0.3,1.0,0.5,0.0,0.1,0.051,1374.6715894860672,114.5559657905056,0.00889914426313965,0.8773875315672014
2025-01-31,93576.0,107240.81,89256.69,102429.56,783493.30253,78353503117.11351,125495936,Indonesia,2025,0.01587953643704726,35.28477294445901,0.010237505051577746,0.0,1.0,0.0,1.0,0.6,0.3,1.0,0.5,0.0,0.1,0.051,1524.370006774155,127.03083389784625,0.006167741157710244,0.6168069649934177
2025-02-28,102429.56,102783.71,81111.0,82659.59,320687.74492,30297424308.20152,51531942,Indonesia,2025,0.007440611605578049,86.1171045120961,0.017181432849637992,0.0,1.0,0.0,1.0,0.6,0.3,1.0,0.5,0.0,0.1,0.051,1524.370006774155,127.03083389784625,0.0025244874419850373,0.23850449043391816
2025-03-31,84349.95,95000.0,76606.0,81991.99,340979.88474,29977445862.081345,59537914,Indonesia,2025,0.03853061729912069,41.59415101664277,0.012642117905807198,0.0,1.0,0.0,1.0,0.6,0.3,1.0,0.5,0.0,0.1,0.051,1524.370006774155,127.03083389784625,0.002684229287309915,0.23598558666621175
2025-04-30,82550.0,95461.53,74620.0,94503.4,70189.29417,5999434245.522589,9136881,Indonesia,2025,0.019844956553315033,48.99302276079333,0.02869149273370086,0.0,1.0,1.0,1.0,0.6,0.3,1.0,0.5,0.0,0.1,0.051,1524.370006774155,127.03083389784625,0.0005525374589483036,0.047228173361021336
2025-05-31,94172.0,105086.42,93711.08,102822.55,29156.04,2925296316.5265837,5167199,Indonesia,2025,0.0,0.0,0.0,0.0,0.0,0.0,0.0,0.0,0.0,0.0,0.0,0.0,0.1,0.051,1524.370006774155,127.03083389784625,0.00022951939387760194,0.02302823831636817
2018-01-31,13715.65,17176.24,9035.0,10285.1,816675.564467,9979686765.57534,7214977,Russia,2018,0.00912581502821916,80.61572794870325,0.024993127072853824,0.0,0.0,0.0,0.0,0.2,0.13,0.0,0.3,0.0,0.14,0.078,1600.0,133.33333333333334,0.006125066733502499,0.07484765074181504
2018-02-28,10285.1,11786.01,6000.01,10326.76,1243940.85531,11576600898.496582,11684784,Russia,2018,0.013717472093220839,46.29942628821687,0.027118274154878986,0.0,0.0,0.0,0.0,0.2,0.13,0.0,0.3,0.0,0.14,0.078,1600.0,133.33333333333334,0.009329556414825,0.08682450673872436
2018-03-31,10325.64,11710.0,6600.1,6923.91,1235326.31402,10789435243.860195,9237002,Russia,2018,0.01906019772147841,65.00864139619524,0.05498711508682819,0.0,0.0,0.0,0.0,0.2,0.13,0.0,0.3,0.0,0.14,0.078,1600.0,133.33333333333334,0.009264947355149999,0.08092076432895146
2018-04-30,6922.0,9759.82,6430.0,9246.01,1110964.015581,8963408127.53917,7421056,Russia,2018,0.013450189317899746,94.44790406914942,0.028054575396811082,0.0,0.0,0.0,0.0,0.2,0.13,0.0,0.3,0.0,0.14,0.078,1600.0,133.33333333333334,0.008332230116857499,0.06722556095654376
2018-05-31,9246.01,10020.0,7032.95,7485.01,914476.377885,7717053810.960644,7433740,Russia,2018,0.0180501979229992,43.699741600672084,0.03422993875054717,0.0,0.0,0.0,0.0,0.2,0.13,0.0,0.3,0.0,0.14,0.078,1600.0,133.33333333333334,0.006858572834137499,0.05787790358220482
2018-06-30,7485.01,7786.69,5750.0,6390.07,942249.765944,6334765066.668446,6911213,Russia,2018,0.03222262329862585,27.759851432988825,0.013524095956580572,0.0,0.0,0.0,0.0,0.2,0.13,0.0,0.3,0.0,0.14,0.078,1600.0,133.33333333333334,0.007066873244579999,0.04751073800001334
2018-07-31,6391.08,8491.77,6070.0,7730.93,1102510.436786,7956324970.008916,6137961,Russia,2018,0.016955129156010107,7.912094892469191,0.01362894931624897,0.0,0.0,0.0,0.0,0.2,0.13,0.0,0.3,0.0,0.14,0.078,1600.0,133.33333333333334,0.008268828275894998,0.05967243727506687
2018-08-31,7735.67,7750.0,5880.0,7011.21,1408159.816556,9361010282.352654,6947401,Russia,2018,0.010870270921068211,74.10019891147549,0.025287597377617932,0.0,0.0,1.0,0.0,0.2,0.13,0.0,0.3,0.0,0.14,0.078,1600.0,133.33333333333334,0.010561198624169998,0.0702075771176449
2018-09-30,7011.21,7410.0,6111.0,6626.57,1100653.423315,7274119992.680284,5764608,Russia,2018,0.009655485568820536,18.69411649376125,0.04245240144238395,0.0,0.0,0.0,0.0,0.2,0.13,0.0,0.3,0.0,0.14,0.078,1600.0,133.33333333333334,0.0082549006748625,0.05455589994510212
2018-10-31,6626.57,7680.0,6205.0,6371.93,629922.086219,4151246611.5536914,3852914,Russia,2018,0.015200037822201017,94.61135926655417,0.02163326373999184,0.0,0.0,0.0,0.0,0.2,0.13,0.0,0.3,0.0,0.14,0.078,1600.0,133.33333333333334,0.0047244156466425,0.031134349586652683
2018-11-30,6369.52,6615.15,3652.66,4041.32,1210366.564567,5762104292.969666,6810329,Russia,2018,0.02061522782776236,52.957717471114236,0.003819389750233434,0.0,0.0,0.0,0.0,0.2,0.13,0.0,0.3,0.0,0.14,0.078,1600.0,133.33333333333334,0.009077749234252499,0.04321578219727249
2018-12-31,4041.27,4312.99,3156.26,3702.9,1591229.611862,5893039910.760216,7933980,Russia,2018,0.021390736734301054,62.53585907728425,0.03747686862919146,0.0,0.0,0.0,0.0,0.2,0.13,0.0,0.3,0.0,0.14,0.078,1600.0,133.33333333333334,0.011934222088965,0.044197799330701615
2019-01-31,3701.23,4069.8,3349.92,3434.1,908244.14054,3320676978.282867,6315903,Russia,2019,0.019326488577648245,41.72007021071336,0.02793270753048501,0.0,0.0,0.0,0.0,0.2,0.13,0.0,0.3,0.0,0.14,0.078,1646.6694681947704,137.22245568289753,0.006618771949678768,0.024199224257846694
2019-02-28,3434.1,4198.0,3373.1,3813.69,861783.986727,3202849295.152803,5866928,Russia,2019,0.02359430225695288,22.697688920767934,0.013886966231512539,0.0,0.0,0.0,0.0,0.2,0.13,0.0,0.3,0.0,0.14,0.078,1646.6694681947704,137.22245568289753,0.006280196506018416,0.023340562440845345
2019-03-31,3814.26,4140.0,3670.69,4103.95,787190.48925,3091934416.096792,5549651,Russia,2019,0.013888613611285999,68.42018489830231,0.032040278209895204,0.0,0.0,0.0,0.0,0.2,0.13,0.0,0.3,0.0,0.14,0.078,1646.6694681947704,137.22245568289753,0.005736601092966084,0.022532277247987988
2019-04-30,4102.44,5600.0,4067.0,5320.81,1126961.315101,5743659745.683714,7878682,Russia,2019,0.018102462521256517,90.66891315058943,0.013504209282268028,0.0,0.0,0.0,0.0,0.2,0.13,0.0,0.3,0.0,0.14,0.078,1646.6694681947704,137.22245568289753,0.008212659578875738,0.04185655851369204
2019-05-31,5321.94,9074.26,5316.2,8555.0,1498410.025617,11148664963.531687,12978067,Russia,2019,0.03619029271394693,56.11078488748218,0.020792192334722737,0.0,0.0,0.0,0.0,0.2,0.13,0.0,0.3,0.0,0.14,0.078,1646.6694681947704,137.22245568289753,0.010919568653396074,0.08124519349292755
2019-06-30,8555.0,13970.0,7444.58,10854.1,1689489.647326,17039339677.99758,15717591,Russia,2019,0.02243066472592467,88.6092459931422,0.024777215031069694,0.0,0.0,0.0,0.0,0.2,0.13,0.0,0.3,0.0,0.14,0.078,1646.6694681947704,137.22245568289753,0.012312049357505897,0.12417311432884702
2019-07-31,10854.1,13147.08,9060.0,10080.53,1886176.065915,20321356634.297855,17005268,Russia,2019,0.03552449667597771,51.24188297923263,0.04291500313835568,0.0,0.0,0.0,0.0,0.2,0.13,0.0,0.3,0.0,0.14,0.078,1646.6694681947704,137.22245568289753,0.013745389240618872,0.14809060611229513
2019-08-31,10080.53,12330.7,9320.0,9587.47,1201961.576316,12906016545.404419,11862163,Russia,2019,0.01735920257278321,9.50272354011253,0.023207369484542537,0.0,0.0,0.0,0.0,0.2,0.13,0.0,0.3,0.0,0.14,0.078,1646.6694681947704,137.22245568289753,0.008759219257040334,0.09405178242275791
2019-09-30,9588.74,10905.87,7710.0,8289.34,1116856.475836,10708237140.603718,10290100,Russia,2019,0.03417319238029093,29.98106095831022,0.002043995214956424,0.0,0.0,0.0,0.0,0.2,0.13,0.0,0.3,0.0,0.14,0.078,1646.6694681947704,137.22245568289753,0.00813902119939395,0.07803560348277835
2019-10-31,8289.97,10370.0,7300.0,9140.85,1446763.024045,12389911486.343376,14098403,Russia,2019,0.013595463689300858,98.1927909637596,0.045023834640687814,0.0,0.0,0.0,0.0,0.2,0.13,0.0,0.3,0.0,0.14,0.078,1646.6694681947704,137.22245568289753,0.010543194383492691,0.0902906993223819
2019-11-30,9140.86,9513.68,6515.0,7541.89,1499118.774995,12102536663.596674,12471724,Russia,2019,0.02534546423952672,53.78591309709559,0.022117899427520064,0.0,0.0,0.0,0.0,0.2,0.13,0.0,0.3,0.0,0.14,0.078,1646.6694681947704,137.22245568289753,0.01092473361983304,0.08819647340785092
2019-12-31,7540.63,7750.0,6435.0,7195.23,1307033.020384,9459566247.185167,10826717,Russia,2019,0.024415391850534787,21.110423399488184,0.022259944825729988,0.0,0.0,0.0,0.0,0.2,0.13,0.0,0.3,0.0,0.14,0.078,1646.6694681947704,137.22245568289753,0.009524920785591943,0.06893599302030376
2020-01-31,7195.24,9578.0,6871.04,9352.89,1691323.137782,14188275899.577446,14894658,Russia,2020,0.03589234985006575,80.46008745400839,0.017867428166311823,0.0,0.0,0.0,0.0,0.2,0.13,0.0,0.3,0.0,0.14,0.078,1473.7876531012894,122.81563775844079,0.013771236046573881,0.11552499468743202
2020-02-29,9351.71,10500.0,8445.0,8523.61,1609726.154564,15497862132.125307,17837429,Russia,2020,0.04617076986051359,77.69885329564838,-0.0003539305235934348,0.0,0.0,0.0,0.0,0.2,0.13,0.0,0.3,0.0,0.14,0.078,1473.7876531012894,122.81563775844079,0.013106850104300889,0.126188019823723
2020-03-31,8523.61,9188.0,3782.13,6410.44,3789768.913125,24019544659.32284,28381746,Russia,2020,0.008180898513353737,25.606540906857948,0.0326091591747742,0.0,0.0,0.0,0.0,0.2,0.13,0.0,0.3,0.0,0.14,0.078,1473.7876531012894,122.81563775844079,0.03085738088645425,0.19557399283766733
2020-04-30,6412.14,9460.0,6150.11,8620.0,2528373.691121,18428838833.75182,22386100,Russia,2020,0.007564807369590643,21.389197080343347,0.029040485637840195,0.0,0.0,0.0,0.0,0.2,0.13,0.0,0.3,0.0,0.14,0.078,1473.7876531012894,122.81563775844079,0.02058674072184453,0.15005286924453767
2020-05-31,8620.0,10067.0,8117.0,9448.27,2685340.078508,24747877574.699898,26310658,Russia,2020,0.018454460343738655,85.37368557279336,0.008939655636474676,0.0,0.0,0.0,0.0,0.2,0.13,0.0,0.3,0.0,0.14,0.078,1473.7876531012894,122.81563775844079,0.021864805879114883,0.20150428745381038
2020-06-30,9448.27,10380.0,8833.0,9138.55,1504745.517922,14277079245.338604,16545761,Russia,2020,0.03191643117619514,1.7728260889565717,0.01046736039555226,0.0,0.0,0.0,0.0,0.2,0.13,0.0,0.3,0.0,0.14,0.078,1473.7876531012894,122.81563775844079,0.012252067777245109,0.11624805689174039
2020-07-31,9138.08,11444.0,8893.03,11335.46,1507827.21494,14753365566.208982,20753644,Russia,2020,0.02563944450524237,23.36507975662531,0.010724413923194998,0.0,0.0,0.0,0.0,0.2,0.13,0.0,0.3,0.0,0.14,0.078,1473.7876531012894,122.81563775844079,0.012277159834529061,0.12012611614838946
2020-08-31,11335.46,12468.0,10518.5,11649.51,1891193.007128,21998484649.31155,30195218,Russia,2020,0.021311338090924843,24.157579946349014,0.003100201561482309,1.0,0.0,0.0,0.0,0.2,0.13,0.0,0.3,0.0,0.14,0.078,1473.7876531012894,122.81563775844079,0.01539863360761666,0.17911794500126393
2020-09-30,11649.51,12050.85,9825.0,10776.59,1730389.1601789999,18438729253.51499,26134850,Russia,2020,0.008289238699942518,90.77995915484112,0.010282574260644013,0.0,0.0,0.0,0.0,0.2,0.13,0.0,0.3,0.0,0.14,0.078,1473.7876531012894,122.81563775844079,0.014089322758575789,0.15013339986705193
2020-10-31,10776.59,14100.0,10374.0,13791.0,1592634.419946,19264362947.437504,22613534,Russia,2020,0.00977124237568352,46.915670298155455,0.03096245874178026,0.0,0.0,0.0,0.0,0.2,0.13,0.0,0.3,0.0,0.14,0.078,1473.7876531012894,122.81563775844079,0.0129676843194713,0.15685594521218466
2020-11-30,13791.0,19863.16,13195.05,19695.87,2707064.911165,45120124395.27153,42912200,Russia,2020,0.022751265867312333,75.74980765131706,0.036132156431011954,0.0,0.0,0.0,0.0,0.2,0.13,0.0,0.3,0.0,0.14,0.078,1473.7876531012894,122.81563775844079,0.022041695671437007,0.3673809395837343
2020-12-31,19695.87,29300.0,17572.33,28923.63,2495281.856217,55748654003.59772,45342713,Russia,2020,0.023308716113901826,17.996381626678083,0.029007944988903547,1.0,0.0,0.0,0.0,0.2,0.13,0.0,0.3,0.0,0.14,0.078,1473.7876531012894,122.81563775844079,0.02031729755069815,0.4539214632687625
2021-01-31,28923.63,41950.0,28130.0,33092.98,3440864.750019,118838018199.71985,73759099,Russia,2021,0.021684147968884227,36.129227470584254,0.03501607493607408,1.0,1.0,0.0,0.0,0.2,0.13,1.0,0.7,0.0,0.14,0.078,1795.788340270586,149.64902835588217,0.022992897366738912,0.7941115255162882
2021-02-28,33092.97,58352.8,32296.16,45135.66,2518242.148517,115983202933.60136,65653181,Russia,2021,0.007287664246582228,62.84631144139983,0.045448676637047276,0.0,1.0,0.0,0.0,0.2,0.13,1.0,0.7,0.0,0.14,0.078,1795.788340270586,149.64902835588217,0.016827654520604956,0.7750347877821184
2021-03-31,45134.11,61844.0,44950.53,58740.55,2098808.027432,114277364895.2288,63155913,Russia,2021,0.03181494229063743,74.16888969453441,0.03080519193584594,0.0,1.0,0.0,0.0,0.2,0.13,1.0,0.7,0.0,0.14,0.078,1795.788340270586,149.64902835588217,0.014024869058560133,0.7636358628635023
2021-04-30,58739.46,64854.0,46930.0,57694.27,1993468.938007,113040658323.56618,62061792,Russia,2021,0.02415395127830254,6.190491813644691,0.02351299218429387,0.0,1.0,0.0,0.0,0.2,0.13,1.0,0.7,0.0,0.14,0.078,1795.788340270586,149.64902835588217,0.01332096145165946,0.7553718160785035
2021-05-31,57697.25,59500.0,30000.0,37253.81,3536245.256573,154980424224.31555,83178232,Russia,2021,0.0322953020414012,20.017623788698977,0.020337173383917967,0.0,1.0,0.0,0.0,0.2,0.13,1.0,0.7,0.0,0.14,0.078,1795.788340270586,149.64902835588217,0.02363025871550206,1.0356259972216775
2021-06-30,37253.82,41330.0,28805.0,35045.0,2901775.305923,102481507278.73122,55904176,Russia,2021,0.013895944594341337,69.2479219892584,0.04970303534114186,1.0,1.0,0.0,0.0,0.2,0.13,1.0,0.7,0.0,0.14,0.078,1795.788340270586,149.64902835588217,0.01939053890161086,0.6848123800377688
2021-07-31,35045.0,42448.0,29278.0,41461.83,1778463.264837,61788476064.5392,40228107,Russia,2021,0.031161251825159362,23.37838634942981,0.06485156485725344,0.0,1.0,0.0,0.0,0.2,0.13,1.0,0.7,0.0,0.14,0.078,1795.788340270586,149.64902835588217,0.011884228613951405,0.4128892565717117
2021-08-31,41461.84,50500.0,37332.7,47100.89,1635402.874245,73756799190.98482,51659027,Russia,2021,0.02551569849374234,3.285499968371089,0.028959806894055903,0.0,1.0,0.0,0.0,0.2,0.13,1.0,0.7,0.0,0.14,0.078,1795.788340270586,149.64902835588217,0.010928255881193085,0.4928652060177957
2021-09-30,47100.89,52920.0,39600.0,43824.1,1527799.510768,70114825134.22693,41915331,Russia,2021,0.035206329002449924,15.216969643328216,0.003975031003866012,0.0,1.0,0.0,0.0,0.2,0.13,1.0,0.7,0.0,0.14,0.078,1795.788340270586,149.64902835588217,0.010209217711288587,0.4685284355304066
2021-10-31,43820.01,67000.0,43283.03,61299.8,1565556.292623,90057212588.12695,49815374,Russia,2021,0.026440552226077052,82.57058675529183,0.023133220992283023,0.0,1.0,0.0,0.0,0.2,0.13,1.0,0.7,0.0,0.14,0.078,1795.788340270586,149.64902835588217,0.010461519929818265,0.6017894909010756
2021-11-30,61299.81,69000.0,53256.64,56950.56,1291900.105248,78194635615.7968,45535890,Russia,2021,0.010865727155014833,10.790114419137286,0.026459423604718188,0.0,1.0,0.0,0.0,0.2,0.13,1.0,0.7,0.0,0.14,0.078,1795.788340270586,149.64902835588217,0.008632866644317373,0.5225201691910835
2021-12-31,56950.56,59053.55,42000.3,46216.93,1233745.524318,60935346464.96546,38044561,Russia,2021,0.015199482778411206,3.096964311616737,0.055915956505453585,1.0,1.0,0.0,0.0,0.2,0.13,1.0,0.7,0.0,0.14,0.078,1795.788340270586,149.64902835588217,0.008244260172435031,0.40718838695066145
2022-01-31,46216.93,47990.0,32917.17,38466.9,1279407.465721,51219874505.32576,34735027,Russia,2022,0.030687077421953292,66.40829853776398,0.010572180903067753,0.0,1.0,1.0,1.0,0.9,0.13,1.0,0.7,0.0,0.14,0.078,1861.0223243424282,155.08519369520235,0.008249707372036376,0.33026927513139037
2022-02-28,38466.9,45821.0,34322.28,43160.0,1253514.21906,50460034907.55031,32130539,Russia,2022,0.02355447604144256,80.01693306395964,0.01774949624601853,0.0,1.0,1.0,1.0,0.9,0.13,1.0,0.7,0.0,0.14,0.078,1861.0223243424282,155.08519369520235,0.008082745935911857,0.3253697771221297
2022-03-31,43160.0,48189.84,37155.0,45510.34,1501398.79591,62901992842.08859,36916545,Russia,2022,0.005800064962792921,93.41384294021566,0.02500772592080134,0.0,1.0,1.0,1.0,0.9,0.13,1.0,0.7,0.0,0.14,0.078,1861.0223243424282,155.08519369520235,0.009681122743804825,0.40559637798636927
2022-04-30,45510.35,47444.11,37578.2,37630.8,1267655.68178,52631184274.742294,30889436,Russia,2022,0.00022958936463311763,38.90895326695726,0.03850354428985334,0.0,1.0,1.0,1.0,0.9,0.13,1.0,0.7,0.0,0.14,0.078,1861.0223243424282,155.08519369520235,0.008173931060571746,0.3393694976335479
2022-05-31,37630.8,40023.77,26700.0,31801.04,2387839.6808040002,75083768066.54288,45431716,Russia,2022,0.01530090154555239,33.26612768223152,0.050137171794480004,0.0,1.0,1.0,1.0,0.9,0.13,1.0,0.7,0.0,0.14,0.078,1861.0223243424282,155.08519369520235,0.015396954563547541,0.484145302833417
2022-06-30,31801.05,31982.97,17622.0,19942.21,2816058.473226,66264559120.90303,43144553,Russia,2022,0.008041284428955898,81.0473651505901,0.03655032545387297,0.0,1.0,1.0,1.0,0.9,0.13,1.0,0.7,0.0,0.14,0.078,1861.0223243424282,155.08519369520235,0.01815813880182887,0.42727843672257
2022-07-31,19942.21,24668.0,18781.0,23293.32,4983278.5881,108467653397.87392,122560442,Russia,2022,0.021249463528660945,34.02661359940344,0.05858133066200489,0.0,1.0,1.0,1.0,0.9,0.13,1.0,0.7,0.0,0.14,0.078,1861.0223243424282,155.08519369520235,0.03213252322393792,0.699406892517744
2022-08-31,23296.36,25211.32,19520.0,20050.02,5692462.41571,127275534241.5204,181680670,Russia,2022,0.019861697030468237,97.10686687056972,0.020966437787385446,0.0,1.0,0.0,1.0,0.9,0.13,1.0,0.7,0.0,0.14,0.078,1861.0223243424282,155.08519369520235,0.03670538934166544,0.820681402324339
2022-09-30,20048.44,22799.0,18125.98,19422.61,9838930.53657,194954443051.87833,175214455,Russia,2022,0.025753017775157837,87.22695924732244,0.04937452770524933,0.0,1.0,1.0,1.0,0.9,0.13,1.0,0.7,0.0,0.14,0.078,1861.0223243424282,155.08519369520235,0.06344210109384783,1.2570796631626435
2022-10-31,19422.61,21085.0,18190.0,20490.74,7499121.81542,147758324643.9277,155718643,Russia,2022,0.032834331555227185,96.20093175164635,0.03149206274146989,0.0,1.0,1.0,1.0,0.9,0.13,1.0,0.7,0.0,0.14,0.078,1861.0223243424282,155.08519369520235,0.048354853463048485,0.9527558442124748
2022-11-30,20490.74,21480.65,15476.0,17163.64,9127693.509065,163721792600.4427,204731238,Russia,2022,0.025585212091380493,14.243519610176389,0.015331742236826852,0.0,1.0,1.0,1.0,0.9,0.13,1.0,0.7,0.0,0.14,0.078,1861.0223243424282,155.08519369520235,0.058855995801921426,1.0556893840053765
2022-12-31,17165.53,18387.95,16256.3,16542.4,5803833.88187,98636156444.71242,137340627,Russia,2022,0.008184157731911825,62.7061611663739,0.01493952711506006,0.0,1.0,1.0,1.0,0.9,0.13,1.0,0.7,0.0,0.14,0.078,1861.0223243424282,155.08519369520235,0.037423520218678,0.6360127236812019
2023-01-31,16541.77,23960.54,16499.01,23125.13,7977028.87801,164131402696.49188,195640242,Russia,2023,0.011423988039644815,42.7802680388758,0.02725162095741234,1.0,1.0,1.0,1.0,0.9,0.13,1.0,0.7,1.0,0.14,0.078,1840.2139851017769,153.35116542514808,0.05201805187391061,1.0702977198866201
2023-02-28,23125.13,25250.0,21351.07,23141.57,8642691.27165,202098042118.3695,237616543,Russia,2023,0.027055563920545058,69.33819870611501,0.03351059451372197,0.0,0.0,1.0,1.0,0.9,0.13,1.0,0.7,1.0,0.14,0.078,1840.2139851017769,153.35116542514808,0.056358823538700566,1.3178774452615112
2023-03-31,23141.57,29184.68,19549.09,28465.36,9516189.35846,230976895658.80542,225288488,Russia,2023,0.018734819979903138,5.151093068655806,0.012469422549374887,0.0,1.0,1.0,1.0,0.9,0.13,1.0,0.7,1.0,0.14,0.078,1840.2139851017769,153.35116542514808,0.06205488776089496,1.506195893708725
2023-04-30,28465.36,31000.0,26942.82,29233.21,1626745.5585,47014519902.68321,34498914,Russia,2023,0.025300697657416625,43.50581504937448,0.00796220715954793,0.0,1.0,1.0,1.0,0.9,0.13,1.0,0.7,1.0,0.14,0.078,1840.2139851017769,153.35116542514808,0.01060797649623359,0.30658077995260735
2023-05-31,29233.2,29820.0,25811.46,27210.35,1302000.49221,35924529010.97082,29655319,Russia,2023,0.031043686396374413,69.20361687138389,0.003310999584768614,0.0,0.0,1.0,1.0,0.9,0.13,1.0,0.7,1.0,0.14,0.078,1840.2139851017769,153.35116542514808,0.008490320165486561,0.23426316266573055
2023-06-30,27210.36,31431.94,24800.0,30472.0,1387207.48275,38711401831.08736,29570796,Russia,2023,0.021514293837324103,84.90754525007905,0.01673023861341627,0.0,1.0,1.0,1.0,0.9,0.13,1.0,0.7,1.0,0.14,0.078,1840.2139851017769,153.35116542514808,0.009045953311826033,0.25243630671970796
2023-07-31,30471.99,31804.2,28861.9,29232.25,925773.81731,27982969413.570107,21817642,Russia,2023,0.034215528186476496,11.992500550518516,0.009817197643029317,0.0,1.0,1.0,1.0,0.9,0.13,1.0,0.7,1.0,0.14,0.078,1840.2139851017769,153.35116542514808,0.006036953255251768,0.18247640528841508
2023-08-31,29232.26,30244.0,25166.0,25940.78,1025866.55023,28500591639.411907,20987443,Russia,2023,0.02379792125572848,42.79721177964004,0.03001518404828575,0.0,1.0,1.0,1.0,0.9,0.13,1.0,0.7,1.0,0.14,0.078,1840.2139851017769,153.35116542514808,0.006689656041321275,0.18585180986657238
2023-09-30,25940.77,27483.57,24901.0,26962.56,809329.04893,21298398913.077843,21100209,Russia,2023,0.021490553491193963,44.66475865486538,0.031372278802830576,1.0,1.0,1.0,1.0,0.9,0.13,1.0,0.7,1.0,0.14,0.078,1840.2139851017769,153.35116542514808,0.005277619160481959,0.1388864496336271
2023-10-31,26962.57,35280.0,26538.66,34639.77,1141403.6799,34481112092.35803,39245039,Russia,2023,0.016393193740351236,40.990166294501094,0.039548998628473775,0.0,1.0,1.0,1.0,0.9,0.13,1.0,0.7,1.0,0.14,0.078,1840.2139851017769,153.35116542514808,0.007443071441521769,0.22485066870384196
2023-11-30,34639.78,38450.0,34097.39,37723.96,1055690.59638,38490444107.42635,37005526,Russia,2023,0.01583215186894471,62.8373626629892,0.008973436789326151,0.0,1.0,1.0,1.0,0.9,0.13,1.0,0.7,1.0,0.14,0.078,1840.2139851017769,153.35116542514808,0.006884138072594506,0.2509954456538763
2023-12-31,37723.97,44700.0,37615.86,42283.58,1195409.976,50669749699.392456,44162350,Russia,2023,0.027029313689150555,15.519443034016389,0.020774169707717557,0.0,1.0,1.0,1.0,0.9,0.13,1.0,0.7,1.0,0.14,0.078,1840.2139851017769,153.35116542514808,0.007795245459568999,0.3304164631479424
2024-01-31,42283.58,48969.48,38555.0,42580.0,1403408.84978,60830257410.58648,52549865,Russia,2024,0.01481323452196123,50.74242932844785,0.011105251678203757,1.0,1.0,1.0,1.0,0.9,0.13,1.0,0.7,1.0,0.14,0.078,2075.7882655133462,172.98235545944553,0.00811301734244808,0.3516558509624856
2024-02-29,42580.0,64000.0,41884.28,61130.98,1206112.69545,61810386480.104126,48050724,Russia,2024,0.010806882566298233,14.016876641282378,-0.0017474838968411302,0.0,0.0,1.0,1.0,0.9,0.13,1.0,0.7,1.0,0.14,0.078,2075.7882655133462,172.98235545944553,0.006972460816865015,0.357321914804167
2024-03-31,61130.99,73777.0,59005.0,71280.01,1706807.381342,114890900621.64632,78610868,Russia,2024,0.0006853194197514421,31.57883177065619,0.01452835876939743,0.0,1.0,1.0,1.0,0.9,0.13,1.0,0.7,1.0,0.14,0.078,2075.7882655133462,172.98235545944553,0.009866944965621934,0.6641769925984252
2024-04-30,71280.0,72797.99,59191.6,60672.0,1201500.9585199999,78870257314.33829,56536352,Russia,2024,0.024105145500122632,64.30055604019712,0.04210571761780959,0.0,1.0,1.0,1.0,0.9,0.13,1.0,0.7,1.0,0.14,0.078,2075.7882655133462,172.98235545944553,0.00694580065885207,0.45594394355919643
2024-05-31,60672.01,71979.0,56552.82,67540.01,945031.04072,61102526732.0654,40467569,Russia,2024,0.03194107202725175,81.653721044743,0.031479081908236374,0.0,1.0,1.0,1.0,0.9,0.13,1.0,0.7,1.0,0.14,0.078,2075.7882655133462,172.98235545944553,0.005463164368469683,0.3532298226011291
2024-06-30,67540.01,71997.02,58402.0,62772.01,696818.1881799999,46007819231.09386,35341653,Russia,2024,0.03207505726252507,58.10750116846191,0.01817618910115145,0.0,1.0,1.0,1.0,0.9,0.13,1.0,0.7,1.0,0.14,0.078,2075.7882655133462,172.98235545944553,0.004028261647433538,0.2659682781454555
2024-07-31,62772.01,70079.99,53485.93,64628.0,908004.33426,56352575125.89188,54947978,Russia,2024,0.010117540386504727,73.80721010228706,0.011527829540782936,0.0,1.0,1.0,1.0,0.9,0.13,1.0,0.7,1.0,0.14,0.078,2075.7882655133462,172.98235545944553,0.0052491153323026354,0.3257706543318711
2024-08-31,64628.01,65659.78,49000.0,58973.99,1010291.47396,59410017127.33833,68421354,Russia,2024,0.04087425397412249,52.86982931541149,0.030686039685995505,0.0,1.0,1.0,1.0,0.9,0.13,1.0,0.7,1.0,0.14,0.078,2075.7882655133462,172.98235545944553,0.0058404307842649045,0.3434455321731735
2024-09-30,58974.0,66498.0,52550.0,63327.59,734117.07575,43783927982.82593,91935065,Russia,2024,0.02614508322664361,10.044215974925317,0.03252026646289821,0.0,1.0,0.0,1.0,0.9,0.13,1.0,0.7,1.0,0.14,0.078,2075.7882655133462,172.98235545944553,0.004243884145294277,0.25311210421741975
2024-10-31,63327.6,73620.12,58946.0,70292.01,756010.86343,49836497872.668884,116212071,Russia,2024,0.018023887250083356,74.71010980240946,0.0184972362025275,0.0,1.0,1.0,1.0,0.9,0.13,1.0,0.7,1.0,0.14,0.078,2075.7882655133462,172.98235545944553,0.004370450740030773,0.2881016259739433
2024-11-30,70292.01,99588.01,66835.0,96407.99,1343559.242196,116340254505.95044,192124856,Russia,2024,0.011763140438613089,98.96294606036417,0.03598798689938187,0.0,1.0,0.0,1.0,0.9,0.13,1.0,0.7,1.0,0.14,0.078,2075.7882655133462,172.98235545944553,0.007767030565790785,0.6725556152646192
2024-12-31,96407.99,108353.0,90500.0,93576.0,1019450.065773,100509976051.22847,179962652,Russia,2024,0.021671088875902526,72.46346973613049,0.015979192686557925,0.0,1.0,1.0,1.0,0.9,0.13,1.0,0.7,1.0,0.14,0.078,2075.7882655133462,172.98235545944553,0.005893376021301795,0.5810417818873573
2025-01-31,93576.0,107240.81,89256.69,102429.56,783493.30253,78353503117.11351,125495936,Russia,2025,0.017855447487397143,2.295970995288824,0.06096672949421119,1.0,1.0,1.0,1.0,0.9,0.13,1.0,0.7,1.0,0.14,0.078,2238.214059273268,186.51783827277234,0.004200634694168946,0.4200858418835292
2025-02-28,102429.56,102783.71,81111.0,82659.59,320687.74492,30297424308.20152,51531942,Russia,2025,0.029673576043265225,18.27148631584669,-0.01691117479181173,0.0,1.0,1.0,1.0,0.9,0.13,1.0,0.7,1.0,0.14,0.078,2238.214059273268,186.51783827277234,0.001719340883905224,0.16243714053715957
2025-03-31,84349.95,95000.0,76606.0,81991.99,340979.88474,29977445862.081345,59537914,Russia,2025,0.027097205998626375,97.54916368961216,0.03179085552588341,0.0,1.0,1.0,1.0,0.9,0.13,1.0,0.7,1.0,0.14,0.078,2238.214059273268,186.51783827277234,0.0018281355172116846,0.16072160250024417
2025-04-30,82550.0,95461.53,74620.0,94503.4,70189.29417,5999434245.522589,9136881,Russia,2025,0.009504034052433588,66.3329337221087,0.007832062672094187,0.0,1.0,1.0,1.0,0.9,0.13,1.0,0.7,1.0,0.14,0.078,2238.214059273268,186.51783827277234,0.00037631410925614476,0.03216547168399377
2025-05-31,94172.0,105086.42,93711.08,102822.55,29156.04,2925296316.5265837,5167199,Russia,2025,0.0,0.0,0.0,0.0,0.0,0.0,0.0,0.0,0.0,0.0,0.0,0.0,0.14,0.078,2238.214059273268,186.51783827277234,0.00015631770274626952,0.01568373482995495
2018-01-31,13715.65,17176.24,9035.0,10285.1,816675.564467,9979686765.57534,7214977,United States,2018,0.021180640872517312,70.0254846625272,0.02690787794321256,0.0,1.0,0.0,0.0,0.3,0.15,1.0,0.6,0.0,0.22,0.188,21000.0,1750.0,0.00046667175112399996,0.005702678151757338
2018-02-28,10285.1,11786.01,6000.01,10326.76,1243940.85531,11576600898.496582,11684784,United States,2018,0.00987922085306383,18.11534807617639,0.043658104590092714,0.0,1.0,0.0,0.0,0.3,0.15,1.0,0.6,0.0,0.22,0.188,21000.0,1750.0,0.0007108233458914285,0.006615200513426618
2018-03-31,10325.64,11710.0,6600.1,6923.91,1235326.31402,10789435243.860195,9237002,United States,2018,0.013199649949632554,98.52748682150093,0.059034465059910585,0.0,1.0,0.0,0.0,0.3,0.15,1.0,0.6,0.0,0.22,0.188,21000.0,1750.0,0.0007059007508685714,0.006165391567920111
2018-04-30,6922.0,9759.82,6430.0,9246.01,1110964.015581,8963408127.53917,7421056,United States,2018,0.021844726482475825,4.485789638379513,0.026533811466377857,0.0,1.0,1.0,0.0,0.3,0.15,1.0,0.6,0.0,0.22,0.188,21000.0,1750.0,0.000634836580332,0.005121947501450954
2018-05-31,9246.01,10020.0,7032.95,7485.01,914476.377885,7717053810.960644,7433740,United States,2018,0.02494635687140806,29.470611526006632,0.03205346103092607,1.0,0.0,0.0,0.0,0.3,0.15,1.0,0.6,0.0,0.22,0.188,21000.0,1750.0,0.00052255793022,0.004409745034834654
2018-06-30,7485.01,7786.69,5750.0,6390.07,942249.765944,6334765066.668446,6911213,United States,2018,0.014525463838263638,96.98214928361777,0.01657210495757526,0.0,1.0,0.0,0.0,0.3,0.15,1.0,0.6,0.0,0.22,0.188,21000.0,1750.0,0.0005384284376822857,0.003619865752381969
2018-07-31,6391.08,8491.77,6070.0,7730.93,1102510.436786,7956324970.008916,6137961,United States,2018,0.050436864560261876,88.37336933754237,0.04324476400844387,1.0,1.0,0.0,0.0,0.3,0.15,1.0,0.6,0.0,0.22,0.188,21000.0,1750.0,0.0006300059638777142,0.0045464714114336665
2018-08-31,7735.67,7750.0,5880.0,7011.21,1408159.816556,9361010282.352654,6947401,United States,2018,0.017889638392753274,85.96721974398645,0.025175850543327785,0.0,1.0,0.0,0.0,0.3,0.15,1.0,0.6,0.0,0.22,0.188,21000.0,1750.0,0.0008046627523177142,0.0053491487327729445
2018-09-30,7011.21,7410.0,6111.0,6626.57,1100653.423315,7274119992.680284,5764608,United States,2018,0.02154770718333203,37.775571725448344,0.04680028516398445,0.0,1.0,0.0,0.0,0.3,0.15,1.0,0.6,0.0,0.22,0.188,21000.0,1750.0,0.0006289448133228572,0.004156639995817305
2018-10-31,6626.57,7680.0,6205.0,6371.93,629922.086219,4151246611.5536914,3852914,United States,2018,0.020794414185618327,52.752951474585316,0.029019527008890062,0.0,1.0,0.0,0.0,0.3,0.15,1.0,0.6,0.0,0.22,0.188,21000.0,1750.0,0.0003599554778394286,0.0023721409208878235
2018-11-30,6369.52,6615.15,3652.66,4041.32,1210366.564567,5762104292.969666,6810329,United States,2018,0.048044756698904,34.34551616610636,0.0245289342544481,0.0,1.0,0.0,0.0,0.3,0.15,1.0,0.6,0.0,0.22,0.188,21000.0,1750.0,0.0006916380368954285,0.0032926310245540947
2018-12-31,4041.27,4312.99,3156.26,3702.9,1591229.611862,5893039910.760216,7933980,United States,2018,0.0051666920040748104,17.955701626858133,0.03998844036218258,0.0,1.0,0.0,0.0,0.3,0.15,1.0,0.6,0.0,0.22,0.188,21000.0,1750.0,0.0009092740639211429,0.003367451377577266
2019-01-31,3701.23,4069.8,3349.92,3434.1,908244.14054,3320676978.282867,6315903,United States,2019,0.0347731166895209,58.464115726246455,0.02966624099523932,0.0,1.0,0.0,1.0,0.7,0.15,1.0,0.6,0.0,0.22,0.188,21677.61050896032,1806.46754241336,0.0005027735728518136,0.0018382156890826785
2019-02-28,3434.1,4198.0,3373.1,3813.69,861783.986727,3202849295.152803,5866928,United States,2019,0.03628688286200095,89.74453675792681,0.052300045730498845,0.0,1.0,0.0,1.0,0.7,0.15,1.0,0.6,0.0,0.22,0.188,21677.61050896032,1806.46754241336,0.00047705478592529547,0.0017729902253731831
2019-03-31,3814.26,4140.0,3670.69,4103.95,787190.48925,3091934416.096792,5549651,United States,2019,0.02355791490440177,28.535806892993815,0.03526259188740658,0.0,1.0,0.0,1.0,0.7,0.15,1.0,0.6,0.0,0.22,0.188,21677.61050896032,1806.46754241336,0.0004357623210867928,0.001711591458746115
2019-04-30,4102.44,5600.0,4067.0,5320.81,1126961.315101,5743659745.683714,7878682,United States,2019,0.027861405878761923,46.13568045384096,0.008456080126638156,0.0,1.0,0.0,1.0,0.7,0.15,1.0,0.6,0.0,0.22,0.188,21677.61050896032,1806.46754241336,0.0006238480839768812,0.0031794978934470315
2019-05-31,5321.94,9074.26,5316.2,8555.0,1498410.025617,11148664963.531687,12978067,United States,2019,0.009571552502444004,29.962667020088887,0.04371690667542828,0.0,1.0,0.0,1.0,0.7,0.15,1.0,0.6,0.0,0.22,0.188,21677.61050896032,1806.46754241336,0.0008294696641021245,0.006171527969241876
2019-06-30,8555.0,13970.0,7444.58,10854.1,1689489.647326,17039339677.99758,15717591,United States,2019,0.023791458676547514,94.61045737123385,0.03721079187742538,0.0,1.0,0.0,1.0,0.7,0.15,1.0,0.6,0.0,0.22,0.188,21677.61050896032,1806.46754241336,0.0009352449505231173,0.00943240843133765
2019-07-31,10854.1,13147.08,9060.0,10080.53,1886176.065915,20321356634.297855,17005268,United States,2019,0.021007279794047526,94.32103439912085,0.04776692750735656,0.0,1.0,0.0,1.0,0.7,0.15,1.0,0.6,0.0,0.22,0.188,21677.61050896032,1806.46754241336,0.0010441239721335669,0.011249223225538518
2019-08-31,10080.53,12330.7,9320.0,9587.47,1201961.576316,12906016545.404419,11862163,United States,2019,0.02239140285477127,67.90193893962154,0.0540522860099655,0.0,1.0,0.0,1.0,0.7,0.15,1.0,0.6,0.0,0.22,0.188,21677.61050896032,1806.46754241336,0.0006653657196133362,0.007144339016555237
2019-09-30,9588.74,10905.87,7710.0,8289.34,1116856.475836,10708237140.603718,10290100,United States,2019,0.026701862399658684,27.30676694492794,0.029501406640785943,0.0,0.0,0.0,1.0,0.7,0.15,1.0,0.6,0.0,0.22,0.188,21677.61050896032,1806.46754241336,0.0006182543829954064,0.005927721860032975
2019-10-31,8289.97,10370.0,7300.0,9140.85,1446763.024045,12389911486.343376,14098403,United States,2019,0.03310522278960798,54.49445278025527,0.04760735734211306,0.0,1.0,0.0,1.0,0.7,0.15,1.0,0.6,0.0,0.22,0.188,21677.61050896032,1806.46754241336,0.000800879611771042,0.006858640521041972
2019-11-30,9140.86,9513.68,6515.0,7541.89,1499118.774995,12102536663.596674,12471724,United States,2019,0.0187190844832125,36.420895630162455,0.0202341289066214,0.0,1.0,0.0,1.0,0.7,0.15,1.0,0.6,0.0,0.22,0.188,21677.61050896032,1806.46754241336,0.0008298620040481018,0.006699559432675013
2019-12-31,7540.63,7750.0,6435.0,7195.23,1307033.020384,9459566247.185167,10826717,United States,2019,0.020113600574105283,99.20745847401773,0.04205690865687506,0.0,1.0,0.0,1.0,0.7,0.15,1.0,0.6,0.0,0.22,0.188,21677.61050896032,1806.46754241336,0.0007235297561105705,0.005236499425031246
2020-01-31,7195.24,9578.0,6871.04,9352.89,1691323.137782,14188275899.577446,14894658,United States,2020,0.010739178866157627,69.79729273241325,0.03779907323803794,1.0,1.0,0.0,1.0,0.7,0.15,1.0,0.8,0.0,0.22,0.188,20281.730870439973,1690.1442392033312,0.0010006975135916354,0.008394713049026665
2020-02-29,9351.71,10500.0,8445.0,8523.61,1609726.154564,15497862132.125307,17837429,United States,2020,0.032622538039456105,30.75780059020413,0.013852271119845008,1.0,1.0,0.0,1.0,0.7,0.15,1.0,0.8,0.0,0.22,0.188,20281.730870439973,1690.1442392033312,0.0009524193954728756,0.00916955001392686
2020-03-31,8523.61,9188.0,3782.13,6410.44,3789768.913125,24019544659.32284,28381746,United States,2020,0.022541553831777642,31.5793158475814,0.00905393086256243,1.0,1.0,0.0,1.0,0.7,0.15,1.0,0.8,0.0,0.22,0.188,20281.730870439973,1690.1442392033312,0.002242275437338621,0.014211535383894058
2020-04-30,6412.14,9460.0,6150.11,8620.0,2528373.691121,18428838833.75182,22386100,United States,2020,0.018142678397042672,1.8147739455327754,0.027872012835718062,1.0,1.0,0.0,1.0,0.7,0.15,1.0,0.8,0.0,0.22,0.188,20281.730870439973,1690.1442392033312,0.0014959514297506215,0.010903707746528464
2020-05-31,8620.0,10067.0,8117.0,9448.27,2685340.078508,24747877574.699898,26310658,United States,2020,0.016436420301547745,30.43199778217532,0.009563645512661312,1.0,1.0,1.0,1.0,0.7,0.15,1.0,0.8,0.0,0.22,0.188,20281.730870439973,1690.1442392033312,0.0015888230224503001,0.014642464826768332
2020-06-30,9448.27,10380.0,8833.0,9138.55,1504745.517922,14277079245.338604,16545761,United States,2020,0.02281780925520422,68.3257553164692,0.022772919047549044,1.0,1.0,0.0,1.0,0.7,0.15,1.0,0.8,0.0,0.22,0.188,20281.730870439973,1690.1442392033312,0.0008903059768622345,0.00844725492308767
2020-07-31,9138.08,11444.0,8893.03,11335.46,1507827.21494,14753365566.208982,20753644,United States,2020,0.0028365067109556233,36.91448591507048,0.004262022638897151,1.0,1.0,0.0,1.0,0.7,0.15,1.0,0.8,0.0,0.22,0.188,20281.730870439973,1690.1442392033312,0.000892129310602941,0.008729057097022175
2020-08-31,11335.46,12468.0,10518.5,11649.51,1891193.007128,21998484649.31155,30195218,United States,2020,0.012655505538145963,21.127855604330595,0.022487149618294483,1.0,0.0,1.0,1.0,0.7,0.15,1.0,0.8,0.0,0.22,0.188,20281.730870439973,1690.1442392033312,0.001118953615473337,0.013015743946020127
2020-09-30,11649.51,12050.85,9825.0,10776.59,1730389.1601789999,18438729253.51499,26134850,United States,2020,0.025837242342227427,10.497467376727736,0.03234502722433102,1.0,1.0,0.0,1.0,0.7,0.15,1.0,0.8,0.0,0.22,0.188,20281.730870439973,1690.1442392033312,0.0010238115304257336,0.010909559566470078
2020-10-31,10776.59,14100.0,10374.0,13791.0,1592634.419946,19264362947.437504,22613534,United States,2020,0.002391208302532751,19.430341331994327,0.01294535918664411,1.0,1.0,0.0,1.0,0.7,0.15,1.0,0.8,0.0,0.22,0.188,20281.730870439973,1690.1442392033312,0.0009423068061319467,0.01139805852103959
2020-11-30,13791.0,19863.16,13195.05,19695.87,2707064.911165,45120124395.27153,42912200,United States,2020,0.03193463344733912,79.55880327920846,0.04395601978072214,0.0,1.0,0.0,1.0,0.7,0.15,1.0,0.8,0.0,0.22,0.188,20281.730870439973,1690.1442392033312,0.0016016768559593505,0.02669601998971367
2020-12-31,19695.87,29300.0,17572.33,28923.63,2495281.856217,55748654003.59772,45342713,United States,2020,0.007683358316829272,35.835051274352345,0.030043899092927408,1.0,1.0,0.0,1.0,0.7,0.15,1.0,0.8,0.0,0.22,0.188,20281.730870439973,1690.1442392033312,0.0014763721334181393,0.03298455404603544
2021-01-31,28923.63,41950.0,28130.0,33092.98,3440864.750019,118838018199.71985,73759099,United States,2021,0.018572956520892765,19.05287128608397,0.012121680087230979,1.0,1.0,0.0,1.0,0.7,0.2,1.0,0.8,0.0,0.22,0.188,23651.96935208442,1970.997446007035,0.0017457479495925834,0.060293339517242424
2021-02-28,33092.97,58352.8,32296.16,45135.66,2518242.148517,115983202933.60136,65653181,United States,2021,0.024534516711810873,93.82980263288418,0.02634654129558424,1.0,1.0,0.0,1.0,0.7,0.2,1.0,0.8,0.0,0.22,0.188,23651.96935208442,1970.997446007035,0.0012776486106659379,0.058844928068560974
2021-03-31,45134.11,61844.0,44950.53,58740.55,2098808.027432,114277364895.2288,63155913,United States,2021,0.031181190127346284,83.77497120914568,0.045688045816757,1.0,1.0,0.0,1.0,0.7,0.2,1.0,0.8,0.0,0.22,0.188,23651.96935208442,1970.997446007035,0.0010648456352309796,0.05797945863742176
2021-04-30,58739.46,64854.0,46930.0,57694.27,1993468.938007,113040658323.56618,62061792,United States,2021,0.018220649809913336,2.1685368630002726,0.03099599841703529,1.0,1.0,0.0,1.0,0.7,0.2,1.0,0.8,0.0,0.22,0.188,23651.96935208442,1970.997446007035,0.001011401076163487,0.05735200649426043
2021-05-31,57697.25,59500.0,30000.0,37253.81,3536245.256573,154980424224.31555,83178232,United States,2021,0.011110193653639378,16.431530519820313,0.04048956904759818,1.0,1.0,0.0,1.0,0.7,0.2,1.0,0.8,0.0,0.22,0.188,23651.96935208442,1970.997446007035,0.0017941399486523628,0.07863045410753028
2021-06-30,37253.82,41330.0,28805.0,35045.0,2901775.305923,102481507278.73122,55904176,United States,2021,0.022257561339193772,30.602526033549204,0.035735724054349036,0.0,1.0,0.0,1.0,0.7,0.2,1.0,0.8,0.0,0.22,0.188,23651.96935208442,1970.997446007035,0.0014722369690542171,0.051994743821887957
2021-07-31,35045.0,42448.0,29278.0,41461.83,1778463.264837,61788476064.5392,40228107,United States,2021,0.03230609212911529,57.891574730839444,-0.004805204302342228,1.0,1.0,0.0,1.0,0.7,0.2,1.0,0.8,0.0,0.22,0.188,23651.96935208442,1970.997446007035,0.000902316372068324,0.031348836189369
2021-08-31,41461.84,50500.0,37332.7,47100.89,1635402.874245,73756799190.98482,51659027,United States,2021,0.02739535013712921,29.887759671519355,0.02514264129280546,1.0,1.0,0.0,1.0,0.7,0.2,1.0,0.8,0.0,0.22,0.188,23651.96935208442,1970.997446007035,0.0008297336343880594,0.03742105264540336
2021-09-30,47100.89,52920.0,39600.0,43824.1,1527799.510768,70114825134.22693,41915331,United States,2021,0.01067290512917824,10.590119273313793,0.02503823757298339,1.0,0.0,0.0,1.0,0.7,0.2,1.0,0.8,0.0,0.22,0.188,23651.96935208442,1970.997446007035,0.0007751402792850432,0.035573270415073216
2021-10-31,43820.01,67000.0,43283.03,61299.8,1565556.292623,90057212588.12695,49815374,United States,2021,0.0246942974654931,46.4988306524272,0.06295899953340772,0.0,0.0,0.0,1.0,0.7,0.2,1.0,0.8,0.0,0.22,0.188,23651.96935208442,1970.997446007035,0.0007942964592849159,0.04569118685088622
2021-11-30,61299.81,69000.0,53256.64,56950.56,1291900.105248,78194635615.7968,45535890,United States,2021,0.01692494284495765,35.91865911553356,0.03312786836698396,1.0,1.0,0.0,1.0,0.7,0.2,1.0,0.8,0.0,0.22,0.188,23651.96935208442,1970.997446007035,0.0006554549869484655,0.0396726214811735
2021-12-31,56950.56,59053.55,42000.3,46216.93,1233745.524318,60935346464.96546,38044561,United States,2021,0.03265302758733154,34.10762766633996,0.005210733461415203,1.0,1.0,0.0,1.0,0.7,0.2,1.0,0.8,0.0,0.22,0.188,23651.96935208442,1970.997446007035,0.0006259498340890273,0.03091599463429643
2022-01-31,46216.93,47990.0,32917.17,38466.9,1279407.465721,51219874505.32576,34735027,United States,2022,0.018635242319535634,42.651977836111634,0.017160967504944755,1.0,1.0,0.0,1.0,0.7,0.2,1.0,0.8,0.0,0.22,0.188,25314.597021420865,2109.549751785072,0.0006064836653595787,0.024280003096387844
2022-02-28,38466.9,45821.0,34322.28,43160.0,1253514.21906,50460034907.55031,32130539,United States,2022,0.007532554693177778,19.57978658403453,0.04598467935528977,1.0,1.0,0.0,1.0,0.7,0.2,1.0,0.8,0.0,0.22,0.188,25314.597021420865,2109.549751785072,0.0005942093652919508,0.023919812682707157
2022-03-31,43160.0,48189.84,37155.0,45510.34,1501398.79591,62901992842.08859,36916545,United States,2022,0.025254293361084118,99.84569433744302,0.00924136866007589,1.0,1.0,0.0,1.0,0.7,0.2,1.0,0.8,0.0,0.22,0.188,25314.597021420865,2109.549751785072,0.000711715281727552,0.029817733755206192
2022-04-30,45510.35,47444.11,37578.2,37630.8,1267655.68178,52631184274.742294,30889436,United States,2022,0.008755616509544446,17.047891023316495,0.005594260903816348,1.0,1.0,0.0,1.0,0.7,0.2,1.0,0.8,0.0,0.22,0.188,25314.597021420865,2109.549751785072,0.0006009129107798131,0.024949013044232072
2022-05-31,37630.8,40023.77,26700.0,31801.04,2387839.6808040002,75083768066.54288,45431716,United States,2022,0.01209123023495277,86.15709945415193,0.03622777603113228,1.0,1.0,0.0,1.0,0.7,0.2,1.0,0.8,0.0,0.22,0.188,25314.597021420865,2109.549751785072,0.0011319191115466431,0.03559231916811064
2022-06-30,31801.05,31982.97,17622.0,19942.21,2816058.473226,66264559120.90303,43144553,United States,2022,-0.005495072662387003,15.184048153362571,0.03412328393404172,1.0,1.0,0.0,1.0,0.7,0.2,1.0,0.8,0.0,0.22,0.188,25314.597021420865,2109.549751785072,0.0013349097222490676,0.031411707197154685
2022-07-31,19942.21,24668.0,18781.0,23293.32,4983278.5881,108467653397.87392,122560442,United States,2022,0.02408318482510398,15.421666249089318,0.02943506768076996,1.0,1.0,0.0,1.0,0.7,0.2,1.0,0.8,0.0,0.22,0.188,25314.597021420865,2109.549751785072,0.0023622474814273607,0.05141744265860052
2022-08-31,23296.36,25211.32,19520.0,20050.02,5692462.41571,127275534241.5204,181680670,United States,2022,0.0027500464206931946,19.48440327770588,0.03950544850586553,1.0,1.0,0.0,1.0,0.7,0.2,1.0,0.8,0.0,0.22,0.188,25314.597021420865,2109.549751785072,0.0026984252971010126,0.06033303274019566
2022-09-30,20048.44,22799.0,18125.98,19422.61,9838930.53657,194954443051.87833,175214455,United States,2022,0.015125605501144054,33.36040095887017,0.028196199195866023,0.0,1.0,0.0,1.0,0.7,0.2,1.0,0.8,0.0,0.22,0.188,25314.597021420865,2109.549751785072,0.004663995493941032,0.09241519091308964
2022-10-31,19422.61,21085.0,18190.0,20490.74,7499121.81542,147758324643.9277,155718643,United States,2022,0.020744891616521724,3.144518718759048,0.03280223540439247,1.0,1.0,0.0,1.0,0.7,0.2,1.0,0.8,0.0,0.22,0.188,25314.597021420865,2109.549751785072,0.003554844728868966,0.07004258824372198
2022-11-30,20490.74,21480.65,15476.0,17163.64,9127693.509065,163721792600.4427,204731238,United States,2022,0.011148064718484361,69.72401570514272,0.03002001030755817,1.0,1.0,0.0,1.0,0.7,0.2,1.0,0.8,0.0,0.22,0.188,25314.597021420865,2109.549751785072,0.004326844390060614,0.07760982762407169
2022-12-31,17165.53,18387.95,16256.3,16542.4,5803833.88187,98636156444.71242,137340627,United States,2022,0.019817489629174168,89.09075659558714,0.017158866163433102,1.0,1.0,0.0,1.0,0.7,0.2,1.0,0.8,0.0,0.22,0.188,25314.597021420865,2109.549751785072,0.002751219248068871,0.04675697094190258
2023-01-31,16541.77,23960.54,16499.01,23125.13,7977028.87801,164131402696.49188,195640242,United States,2023,0.021661187505983958,8.786808235545335,0.03552340968852277,1.0,1.0,0.0,1.0,0.7,0.2,1.0,0.8,0.0,0.22,0.188,27002.548533017627,2250.212377751469,0.0035450115539676606,0.07294040523432756
2023-02-28,23125.13,25250.0,21351.07,23141.57,8642691.27165,202098042118.3695,237616543,United States,2023,0.009507899608966862,93.47396894868083,0.0159141446654205,1.0,1.0,0.0,1.0,0.7,0.2,1.0,0.8,0.0,0.22,0.188,27002.548533017627,2250.212377751469,0.00384083358402207,0.08981287460533684
2023-03-31,23141.57,29184.68,19549.09,28465.36,9516189.35846,230976895658.80542,225288488,United States,2023,0.020338993016759992,69.90736257761904,0.03966810740782873,1.0,1.0,0.0,1.0,0.7,0.2,1.0,0.8,0.0,0.22,0.188,27002.548533017627,2250.212377751469,0.004229018315137471,0.10264670923622318
2023-04-30,28465.36,31000.0,26942.82,29233.21,1626745.5585,47014519902.68321,34498914,United States,2023,0.03288091677754659,77.33046564382782,0.032085052449382576,1.0,1.0,0.0,1.0,0.7,0.2,1.0,0.8,0.0,0.22,0.188,27002.548533017627,2250.212377751469,0.0007229297885764587,0.020893370051436037
2023-05-31,29233.2,29820.0,25811.46,27210.35,1302000.49221,35924529010.97082,29655319,United States,2023,0.022748128257173747,41.483400441432906,0.013263366052613246,1.0,1.0,0.0,1.0,0.7,0.2,1.0,0.8,0.0,0.22,0.188,27002.548533017627,2250.212377751469,0.0005786122701498192,0.01596495040475624
2023-06-30,27210.36,31431.94,24800.0,30472.0,1387207.48275,38711401831.08736,29570796,United States,2023,0.022063119379324366,92.906625893351,0.03491474242638112,1.0,1.0,0.0,1.0,0.7,0.2,1.0,0.8,0.0,0.22,0.188,27002.548533017627,2250.212377751469,0.000616478469528361,0.017203443645514845
2023-07-31,30471.99,31804.2,28861.9,29232.25,925773.81731,27982969413.570107,21817642,United States,2023,0.007720768451500224,31.520245804772653,0.018145118238842697,1.0,0.0,0.0,1.0,0.7,0.2,1.0,0.8,0.0,0.22,0.188,27002.548533017627,2250.212377751469,0.0004114161962948057,0.012435701487666763
2023-08-31,29232.26,30244.0,25166.0,25940.78,1025866.55023,28500591639.411907,20987443,United States,2023,0.016114892953126812,21.191845780920982,0.04327712428101286,1.0,1.0,0.0,1.0,0.7,0.2,1.0,0.8,0.0,0.22,0.188,27002.548533017627,2250.212377751469,0.0004558976567603366,0.012665734097459372
2023-09-30,25940.77,27483.57,24901.0,26962.56,809329.04893,21298398913.077843,21100209,United States,2023,0.023566801263930584,55.130146027623,0.033960557598174596,1.0,1.0,0.0,1.0,0.7,0.2,1.0,0.8,0.0,0.22,0.188,27002.548533017627,2250.212377751469,0.0003596678504358439,0.0094650616642507
2023-10-31,26962.57,35280.0,26538.66,34639.77,1141403.6799,34481112092.35803,39245039,United States,2023,0.019225325929894163,79.16659674083382,0.03678679976244685,1.0,1.0,1.0,1.0,0.7,0.2,1.0,0.8,0.0,0.22,0.188,27002.548533017627,2250.212377751469,0.0005072426457099799,0.015323492321561836
2023-11-30,34639.78,38450.0,34097.39,37723.96,1055690.59638,38490444107.42635,37005526,United States,2023,0.02698670618318412,64.67072961922223,0.019942089282303663,1.0,1.0,0.0,1.0,0.7,0.2,1.0,0.8,0.0,0.22,0.188,27002.548533017627,2250.212377751469,0.00046915153734728885,0.017105249481334753
2023-12-31,37723.97,44700.0,37615.86,42283.58,1195409.976,50669749699.392456,44162350,United States,2023,0.026507953118832007,9.895803864650297,0.036559954836356864,0.0,1.0,1.0,1.0,0.7,0.2,1.0,0.8,0.0,0.22,0.188,27002.548533017627,2250.212377751469,0.0005312431785636681,0.022517763301090874
2024-01-31,42283.58,48969.48,38555.0,42580.0,1403408.84978,60830257410.58648,52549865,United States,2024,0.020201165765031334,89.47020706199841,0.009338342281467508,1.0,1.0,0.0,1.0,0.7,0.2,1.0,0.8,0.0,0.22,0.188,25705.711178351485,2142.142598195957,0.0006551425899293098,0.02839692253065494
2024-02-29,42580.0,64000.0,41884.28,61130.98,1206112.69545,61810386480.104126,48050724,United States,2024,0.016049801235326008,45.47849334399065,0.02276806808150827,0.0,1.0,0.0,1.0,0.7,0.2,1.0,0.8,0.0,0.22,0.188,25705.711178351485,2142.142598195957,0.0005630403393619775,0.028854468667099394
2024-03-31,61130.99,73777.0,59005.0,71280.01,1706807.381342,114890900621.64632,78610868,United States,2024,0.03463036417254668,49.67360584218329,0.046762006071769,1.0,1.0,0.0,1.0,0.7,0.2,1.0,0.8,0.0,0.22,0.188,25705.711178351485,2142.142598195957,0.0007967757995099943,0.053633637983952945
2024-04-30,71280.0,72797.99,59191.6,60672.0,1201500.9585199999,78870257314.33829,56536352,United States,2024,0.021344175781728,31.36193792012472,0.01136154238727435,1.0,1.0,0.0,1.0,0.7,0.2,1.0,0.8,0.0,0.22,0.188,25705.711178351485,2142.142598195957,0.0005608874775805612,0.03681839732833858
2024-05-31,60672.01,71979.0,56552.82,67540.01,945031.04072,61102526732.0654,40467569,United States,2024,0.017590979732223597,78.09130530882891,0.04492918388453022,1.0,1.0,0.0,1.0,0.7,0.2,1.0,0.8,0.0,0.22,0.188,25705.711178351485,2142.142598195957,0.00044116159284441405,0.028524023929837338
2024-06-30,67540.01,71997.02,58402.0,62772.01,696818.1881799999,46007819231.09386,35341653,United States,2024,0.02775842306240087,83.23326428389322,0.012762896325581988,0.0,1.0,1.0,1.0,0.7,0.2,1.0,0.8,0.0,0.22,0.188,25705.711178351485,2142.142598195957,0.00032529029055621114,0.02147747739568792
2024-07-31,62772.01,70079.99,53485.93,64628.0,908004.33426,56352575125.89188,54947978,United States,2024,0.01643366906610301,84.63226202256911,0.023245288202768034,0.0,1.0,0.0,1.0,0.7,0.2,1.0,0.8,0.0,0.22,0.188,25705.711178351485,2142.142598195957,0.00042387669944320784,0.026306640451177338
2024-08-31,64628.01,65659.78,49000.0,58973.99,1010291.47396,59410017127.33833,68421354,United States,2024,0.009518083835011511,34.93228934698915,0.03894105007099559,1.0,1.0,0.0,1.0,0.7,0.2,1.0,0.8,0.0,0.22,0.188,25705.711178351485,2142.142598195957,0.00047162662038037744,0.027733922651728006
2024-09-30,58974.0,66498.0,52550.0,63327.59,734117.07575,43783927982.82593,91935065,United States,2024,0.019938011686377922,81.51814879233017,0.04467679656864472,1.0,1.0,0.0,1.0,0.7,0.2,1.0,0.8,0.0,0.22,0.188,25705.711178351485,2142.142598195957,0.0003427022441775116,0.020439315300344308
2024-10-31,63327.6,73620.12,58946.0,70292.01,756010.86343,49836497872.668884,116212071,United States,2024,0.033447246783095255,62.264325713410265,0.044732073195469964,1.0,1.0,0.0,1.0,0.7,0.2,1.0,0.8,0.0,0.22,0.188,25705.711178351485,2142.142598195957,0.00035292275316624013,0.023264790081967267
2024-11-30,70292.01,99588.01,66835.0,96407.99,1343559.242196,116340254505.95044,192124856,United States,2024,0.007306716841420575,49.45938454078485,0.0476007655186329,1.0,1.0,0.0,1.0,0.7,0.2,1.0,0.8,0.0,0.22,0.188,25705.711178351485,2142.142598195957,0.0006272034566361278,0.05431022874197471
2024-12-31,96407.99,108353.0,90500.0,93576.0,1019450.065773,100509976051.22847,179962652,United States,2024,0.032724259806994484,45.75544563709472,0.020819259617713127,1.0,1.0,0.0,1.0,0.7,0.2,1.0,0.8,0.0,0.22,0.188,25705.711178351485,2142.142598195957,0.00047590205555482056,0.04692030126093133
2025-01-31,93576.0,107240.81,89256.69,102429.56,783493.30253,78353503117.11351,125495936,United States,2025,0.010655410811429027,80.12894523644984,0.013145365724165404,1.0,1.0,0.0,1.0,0.7,0.2,1.0,0.8,0.0,0.22,0.188,27509.103912274826,2292.425326022902,0.0003417748415339975,0.034179304436951045
2025-02-28,102429.56,102783.71,81111.0,82659.59,320687.74492,30297424308.20152,51531942,United States,2025,0.01257759282247951,60.261879537252625,0.022640435144278846,1.0,1.0,0.0,1.0,0.7,0.2,1.0,0.8,0.0,0.22,0.188,27509.103912274826,2292.425326022902,0.00013989015968356836,0.013216318963272019
2025-03-31,84349.95,95000.0,76606.0,81991.99,340979.88474,29977445862.081345,59537914,United States,2025,0.0032584494077368374,63.52981279260886,0.02761178267739925,1.0,1.0,0.0,1.0,0.7,0.2,1.0,0.8,0.0,0.22,0.188,27509.103912274826,2292.425326022902,0.0001487419811975125,0.013076738213361486
2025-04-30,82550.0,95461.53,74620.0,94503.4,70189.29417,5999434245.522589,9136881,United States,2025,0.009516619154277659,38.52605364593931,0.0450100229937479,1.0,1.0,0.0,1.0,0.7,0.2,1.0,0.8,0.0,0.22,0.188,27509.103912274826,2292.425326022902,3.061791953405543e-05,0.002617068559406874
2025-05-31,94172.0,105086.42,93711.08,102822.55,29156.04,2925296316.5265837,5167199,United States,2025,0.0,0.0,0.0,0.0,0.0,0.0,0.0,0.0,0.0,0.0,0.0,0.0,0.22,0.188,27509.103912274826,2292.425326022902,1.2718425184467152e-05,0.001276070493254252
