date,Open,High,Low,Close,Volume,Quote asset volume,Number of trades,country,gdp_growth,usd_fx_rate,cpi_inflation,classified_as_security,classified_as_commodity,classified_as_DFA,exchange_license_required,license_intensity,tax_rate,aml_flag,aml_severity,payment_ban,%_crypto_owning,on_chain_usd_volume_share,year,gdp_billions_usd,monthly_gdp_billions_usd,vol_to_gdp_ratio,usd_vol_to_gdp_ratio
2018-01-31,13715.65,17176.24,9035.0,10285.1,816675.564467,9979686765.57534,7214977,Indonesia,0.0113224150846008,1.7771591621585676,0.0371863292167221,0.0,1.0,0.0,0.0,0.6,0.25,1.0,0.5,0.0,0.1,0.051,2018,1100.0,91.66666666666667,8.909187976003636e-06,0.1088693101699128
2018-02-28,10285.1,11786.01,6000.01,10326.76,1243940.85531,11576600898.496582,11684784,Indonesia,0.0100807860382466,22.06774650312317,0.0246031629265425,0.0,1.0,0.0,0.0,0.6,0.25,1.0,0.5,0.0,0.1,0.051,2018,1100.0,91.66666666666667,1.357026387610909e-05,0.12629019161996272
2018-03-31,10325.64,11710.0,6600.1,6923.91,1235326.31402,10789435243.860195,9237002,Indonesia,0.009976859478216,49.31435005670868,0.0335445979820929,0.0,1.0,0.0,0.0,0.6,0.25,1.0,0.5,0.0,0.1,0.051,2018,1100.0,91.66666666666667,1.3476287062036362e-05,0.1177029299330203
2018-04-30,6922.0,9759.82,6430.0,9246.01,1110964.015581,8963408127.53917,7421056,Indonesia,0.0444825224862853,94.24595049687858,0.0112502535574398,0.0,1.0,0.0,0.0,0.6,0.25,1.0,0.5,0.0,0.1,0.051,2018,1100.0,91.66666666666667,1.2119607442701816e-05,0.09778263411860912
2018-05-31,9246.01,10020.0,7032.95,7485.01,914476.377885,7717053810.960644,7433740,Indonesia,0.0252600402576106,30.16838016420035,0.0409044645410496,0.0,1.0,0.0,0.0,0.6,0.25,1.0,0.5,0.0,0.1,0.051,2018,1100.0,91.66666666666667,9.976105940563636e-06,0.0841860415741161
2018-06-30,7485.01,7786.69,5750.0,6390.07,942249.765944,6334765066.668446,6911213,Indonesia,0.0437881087848908,11.91289993920407,0.0330364809805117,0.0,1.0,0.0,0.0,0.6,0.25,1.0,0.5,0.0,0.1,0.051,2018,1100.0,91.66666666666667,1.0279088355752727e-05,0.0691065280000194
2018-07-31,6391.08,8491.77,6070.0,7730.93,1102510.436786,7956324970.008916,6137961,Indonesia,0.0221599791981798,2.779628550347269,0.0486045102091829,0.0,1.0,0.0,0.0,0.6,0.25,1.0,0.5,0.0,0.1,0.051,2018,1100.0,91.66666666666667,1.2027386583119998e-05,0.08679627240009725
2018-08-31,7735.67,7750.0,5880.0,7011.21,1408159.816556,9361010282.352654,6947401,Indonesia,0.034396486654945,25.652994382586925,0.0256589515001018,0.0,1.0,0.0,0.0,0.6,0.25,1.0,0.5,0.0,0.1,0.051,2018,1100.0,91.66666666666667,1.536174345333818e-05,0.10212011217111985
2018-09-30,7011.21,7410.0,6111.0,6626.57,1100653.423315,7274119992.680284,5764608,Indonesia,0.0206733622961104,81.51200608700351,0.0380141602742846,0.0,1.0,0.0,0.0,0.6,0.25,1.0,0.5,0.0,0.1,0.051,2018,1100.0,91.66666666666667,1.2007128254345455e-05,0.0793540362837849
2018-10-31,6626.57,7680.0,6205.0,6371.93,629922.086219,4151246611.5536914,3852914,Indonesia,0.0064191971660894,98.56017816632412,0.0099123237560115,0.0,1.0,0.0,0.0,0.6,0.25,1.0,0.5,0.0,0.1,0.051,2018,1100.0,91.66666666666667,6.871877304207273e-06,0.04528632667149481
2018-11-30,6369.52,6615.15,3652.66,4041.32,1210366.564567,5762104292.969666,6810329,Indonesia,0.0188567466247626,41.184287377210175,0.0418845798367076,0.0,1.0,0.0,0.0,0.6,0.25,1.0,0.5,0.0,0.1,0.051,2018,1100.0,91.66666666666667,1.3203998886185453e-05,0.06285931955966907
2018-12-31,4041.27,4312.99,3156.26,3702.9,1591229.611862,5893039910.760216,7933980,Indonesia,0.0175413960268068,98.88446350520888,0.0431532396517598,0.0,1.0,0.0,0.0,0.6,0.25,1.0,0.5,0.0,0.1,0.051,2018,1100.0,91.66666666666667,1.735886849304e-05,0.06428770811738417
2019-01-31,3701.23,4069.8,3349.92,3434.1,908244.14054,3320676978.282867,6315903,Indonesia,0.0319845916488306,92.57347248605409,0.0355830691884879,1.0,1.0,0.0,0.0,0.6,0.25,1.0,0.5,1.0,0.1,0.051,2019,1117.256266362439,93.10468886353658,9.75508485798403e-06,0.035666055263338874
2019-02-28,3434.1,4198.0,3373.1,3813.69,861783.986727,3202849295.152803,5866928,Indonesia,0.0344480121853944,14.149910203131752,0.0313023562937044,0.0,1.0,0.0,0.0,0.6,0.25,1.0,0.5,1.0,0.1,0.051,2019,1117.256266362439,93.10468886353658,9.256075040324937e-06,0.034400515529859246
2019-03-31,3814.26,4140.0,3670.69,4103.95,787190.48925,3091934416.096792,5549651,Indonesia,0.0157486695455933,91.47883973569398,0.0351633959340909,0.0,1.0,0.0,0.0,0.6,0.25,1.0,0.5,1.0,0.1,0.051,2019,1117.256266362439,93.10468886353658,8.454896298550378e-06,0.03320922344339324
2019-04-30,4102.44,5600.0,4067.0,5320.81,1126961.315101,5743659745.683714,7878682,Indonesia,0.0185279728668952,58.31877824983544,0.0499863561459349,0.0,1.0,0.0,0.0,0.6,0.25,1.0,0.5,1.0,0.1,0.051,2019,1117.256266362439,93.10468886353658,1.2104238023423137e-05,0.06169033821811261
2019-05-31,5321.94,9074.26,5316.2,8555.0,1498410.025617,11148664963.531687,12978067,Indonesia,0.0222498796598112,91.0341775780584,0.0222587588653889,0.0,1.0,0.0,0.0,0.6,0.25,1.0,0.5,1.0,0.1,0.051,2019,1117.256266362439,93.10468886353658,1.6093819161065213e-05,0.11974332441916294
2019-06-30,8555.0,13970.0,7444.58,10854.1,1689489.647326,17039339677.99758,15717591,Indonesia,0.024420990057959,65.32911876817394,0.010693610333749,0.0,1.0,0.0,0.0,0.6,0.25,1.0,0.5,1.0,0.1,0.051,2019,1117.256266362439,93.10468886353658,1.8146128492006273e-05,0.18301269126168412
2019-07-31,10854.1,13147.08,9060.0,10080.53,1886176.065915,20321356634.297855,17005268,Indonesia,0.0134859762574944,68.25164730166628,0.0213791937800808,0.0,1.0,0.0,0.0,0.6,0.25,1.0,0.5,1.0,0.1,0.051,2019,1117.256266362439,93.10468886353658,2.025865817219545e-05,0.21826351478476924
2019-08-31,10080.53,12330.7,9320.0,9587.47,1201961.576316,12906016545.404419,11862163,Indonesia,0.0209954724800692,76.58495536213715,0.0094949109104202,0.0,1.0,1.0,0.0,0.6,0.25,1.0,0.5,1.0,0.1,0.051,2019,1117.256266362439,93.10468886353658,1.2909785650835626e-05,0.13861833064412848
2019-09-30,9588.74,10905.87,7710.0,8289.34,1116856.475836,10708237140.603718,10290100,Indonesia,0.0133089550912901,83.08128993420515,0.0063293064533767,1.0,1.0,0.0,0.0,0.6,0.25,1.0,0.5,1.0,0.1,0.051,2019,1117.256266362439,93.10468886353658,1.1995706010821594e-05,0.11501286639063654
2019-10-31,8289.97,10370.0,7300.0,9140.85,1446763.024045,12389911486.343376,14098403,Indonesia,0.015555248223132,2.044049634593253,0.0381892071724775,0.0,1.0,0.0,0.0,0.6,0.25,1.0,0.5,1.0,0.1,0.051,2019,1117.256266362439,93.10468886353658,1.5539099498689254e-05,0.13307505387299295
2019-11-30,9140.86,9513.68,6515.0,7541.89,1499118.774995,12102536663.596674,12471724,Indonesia,0.0252470703871767,73.09430123427732,0.011431156441565,0.0,1.0,0.0,0.0,0.6,0.25,1.0,0.5,1.0,0.1,0.051,2019,1117.256266362439,93.10468886353658,1.6101431552950643e-05,0.1299884765345744
2019-12-31,7540.63,7750.0,6435.0,7195.23,1307033.020384,9459566247.185167,10826717,Indonesia,-0.0003264845562651,46.64812533504095,0.0092230228282102,0.0,1.0,0.0,0.0,0.6,0.25,1.0,0.5,1.0,0.1,0.051,2019,1117.256266362439,93.10468886353658,1.4038315753352836e-05,0.10160139475950607
2020-01-31,7195.24,9578.0,6871.04,9352.89,1691323.137782,14188275899.577446,14894658,Indonesia,0.0196495516066873,50.60675446296264,0.0250226841358587,0.0,1.0,0.0,1.0,0.6,0.25,1.0,0.5,1.0,0.1,0.051,2020,1055.428953905432,87.95241282545267,1.9229979979498024e-05,0.1613176426181168
2020-02-29,9351.71,10500.0,8445.0,8523.61,1609726.154564,15497862132.125307,17837429,Indonesia,0.0232970018891244,57.2287325599501,0.0464691128674993,0.0,1.0,0.0,1.0,0.6,0.25,1.0,0.5,1.0,0.1,0.051,2020,1055.428953905432,87.95241282545267,1.8302239845979065e-05,0.17620735616294952
2020-03-31,8523.61,9188.0,3782.13,6410.44,3789768.913125,24019544659.32284,28381746,Indonesia,0.009818066524637,65.78361589120296,0.0113433375783087,0.0,1.0,0.0,1.0,0.6,0.25,1.0,0.5,1.0,0.1,0.051,2020,1055.428953905432,87.95241282545267,4.3088856705341845e-05,0.27309705200460166
2020-04-30,6412.14,9460.0,6150.11,8620.0,2528373.691121,18428838833.75182,22386100,Indonesia,0.0373723276821158,57.37005269065011,0.0567852722547989,0.0,1.0,0.0,1.0,0.6,0.25,1.0,0.5,1.0,0.1,0.051,2020,1055.428953905432,87.95241282545267,2.8747064576144414e-05,0.20953193029877484
2020-05-31,8620.0,10067.0,8117.0,9448.27,2685340.078508,24747877574.699898,26310658,Indonesia,0.0222829439257978,67.42056278927447,0.0563004175802259,0.0,1.0,0.0,1.0,0.6,0.25,1.0,0.5,1.0,0.1,0.051,2020,1055.428953905432,87.95241282545267,3.0531738610028055e-05,0.2813780404616492
2020-06-30,9448.27,10380.0,8833.0,9138.55,1504745.517922,14277079245.338604,16545761,Indonesia,0.0148995828158868,99.3600129211109,0.0086449493358134,0.0,1.0,0.0,1.0,0.6,0.25,1.0,0.5,1.0,0.1,0.051,2020,1055.428953905432,87.95241282545267,1.7108632606910584e-05,0.16232731754241245
2020-07-31,9138.08,11444.0,8893.03,11335.46,1507827.21494,14753365566.208982,20753644,Indonesia,0.0432950039799239,80.83479608034283,0.016276607753856,0.0,0.0,0.0,1.0,0.6,0.25,1.0,0.5,1.0,0.1,0.051,2020,1055.428953905432,87.95241282545267,1.7143670838597483e-05,0.16774259047887638
2020-08-31,11335.46,12468.0,10518.5,11649.51,1891193.007128,21998484649.31155,30195218,Indonesia,0.0089795355896895,78.33812710142445,0.0141950642642231,0.0,1.0,1.0,1.0,0.6,0.25,1.0,0.5,1.0,0.1,0.051,2020,1055.428953905432,87.95241282545267,2.1502457367271967e-05,0.2501180347714734
2020-09-30,11649.51,12050.85,9825.0,10776.59,1730389.1601789999,18438729253.51499,26134850,Indonesia,0.0266394777683926,52.58148653406836,0.0464187594455339,0.0,1.0,0.0,1.0,0.6,0.25,1.0,0.5,1.0,0.1,0.051,2020,1055.428953905432,87.95241282545267,1.9674152244271804e-05,0.20964438224233664
2020-10-31,10776.59,14100.0,10374.0,13791.0,1592634.419946,19264362947.437504,22613534,Indonesia,0.0128676096862778,62.04960616980578,0.0154708905963171,0.0,1.0,0.0,1.0,0.6,0.25,1.0,0.5,1.0,0.1,0.051,2020,1055.428953905432,87.95241282545267,1.810791050277026e-05,0.21903165960516507
2020-11-30,13791.0,19863.16,13195.05,19695.87,2707064.911165,45120124395.27153,42912200,Indonesia,0.0194205205114284,5.037494094367723,0.032547890602843,0.0,1.0,0.0,1.0,0.6,0.25,1.0,0.5,1.0,0.1,0.051,2020,1055.428953905432,87.95241282545267,3.077874528055698e-05,0.5130061012062895
2020-12-31,19695.87,29300.0,17572.33,28923.63,2495281.856217,55748654003.59772,45342713,Indonesia,0.023433934312871,83.41870194298,0.0247056649472971,0.0,1.0,0.0,1.0,0.6,0.25,1.0,0.5,1.0,0.1,0.051,2020,1055.428953905432,87.95241282545267,2.837081753708168e-05,0.6338501948119897
2021-01-31,28923.63,41950.0,28130.0,33092.98,3440864.750019,118838018199.71985,73759099,Indonesia,0.024144208949555,8.074493039116076,0.0362164683090309,0.0,1.0,0.0,1.0,0.6,0.25,1.0,0.5,1.0,0.1,0.051,2021,1294.282734423002,107.85689453525016,3.190213073392767e-05,1.1018119769884602
2021-02-28,33092.97,58352.8,32296.16,45135.66,2518242.148517,115983202933.60136,65653181,Indonesia,0.0344382844048954,71.39730728206187,0.0422411541602015,0.0,1.0,0.0,1.0,0.6,0.25,1.0,0.5,1.0,0.1,0.051,2021,1294.282734423002,107.85689453525016,2.3347994204431498e-05,1.0753434301383054
2021-03-31,45134.11,61844.0,44950.53,58740.55,2098808.027432,114277364895.2288,63155913,Indonesia,0.0136023438927412,45.16810737691186,0.0344814741890988,0.0,1.0,0.0,1.0,0.6,0.25,1.0,0.5,1.0,0.1,0.051,2021,1294.282734423002,107.85689453525016,1.9459192075533567e-05,1.0595276768132822
2021-04-30,58739.46,64854.0,46930.0,57694.27,1993468.938007,113040658323.56618,62061792,Indonesia,0.0238103372657499,66.66995322883064,0.0105566190727138,0.0,1.0,0.0,1.0,0.6,0.25,1.0,0.5,1.0,0.1,0.051,2021,1294.282734423002,107.85689453525016,1.848253601771825e-05,1.0480614967698874
2021-05-31,57697.25,59500.0,30000.0,37253.81,3536245.256573,154980424224.31555,83178232,Indonesia,0.0048649707047335,19.420848992878145,0.0204858785870434,0.0,1.0,0.0,1.0,0.6,0.25,1.0,0.5,1.0,0.1,0.051,2021,1294.282734423002,107.85689453525016,3.27864553472497e-05,1.436907903682173
2021-06-30,37253.82,41330.0,28805.0,35045.0,2901775.305923,102481507278.73122,55904176,Indonesia,0.0036530169732687,44.793658544684405,0.001614927094413,0.0,1.0,0.0,1.0,0.6,0.25,1.0,0.5,1.0,0.1,0.051,2021,1294.282734423002,107.85689453525016,2.6903938950093095e-05,0.950161857712655
2021-07-31,35045.0,42448.0,29278.0,41461.83,1778463.264837,61788476064.5392,40228107,Indonesia,0.0055439350656298,13.205664545539564,0.0071232560080738,0.0,1.0,0.0,1.0,0.6,0.25,1.0,0.5,1.0,0.1,0.051,2021,1294.282734423002,107.85689453525016,1.6489101345818525e-05,0.5728746069575114
2021-08-31,41461.84,50500.0,37332.7,47100.89,1635402.874245,73756799190.98482,51659027,Indonesia,0.0230023241972265,44.61578652149906,0.0258432849992869,0.0,1.0,0.0,1.0,0.6,0.25,1.0,0.5,1.0,0.1,0.051,2021,1294.282734423002,107.85689453525016,1.5162710564696558e-05,0.6838394477126296
2021-09-30,47100.89,52920.0,39600.0,43824.1,1527799.510768,70114825134.22693,41915331,Indonesia,0.0309177882887106,7.123452444335912,0.0320734806728331,0.0,1.0,0.0,1.0,0.6,0.25,1.0,0.5,1.0,0.1,0.051,2021,1294.282734423002,107.85689453525016,1.4165061189191566e-05,0.6500727230869024
2021-10-31,43820.01,67000.0,43283.03,61299.8,1565556.292623,90057212588.12695,49815374,Indonesia,0.009256919267149,4.584309533822605,0.026469606918546,0.0,1.0,0.0,1.0,0.6,0.25,1.0,0.5,1.0,0.1,0.051,2021,1294.282734423002,107.85689453525016,1.4515124873276779e-05,0.834969456298356
2021-11-30,61299.81,69000.0,53256.64,56950.56,1291900.105248,78194635615.7968,45535890,Indonesia,0.016196765502948,90.67732271376788,0.0172995830987621,0.0,1.0,1.0,1.0,0.6,0.25,1.0,0.5,1.0,0.1,0.051,2021,1294.282734423002,107.85689453525016,1.1977909347517666e-05,0.7249850457194552
2021-12-31,56950.56,59053.55,42000.3,46216.93,1233745.524318,60935346464.96546,38044561,Indonesia,0.0158409737815557,85.24965520854339,0.0359303600641593,1.0,1.0,0.0,1.0,0.6,0.25,1.0,0.5,1.0,0.1,0.051,2021,1294.282734423002,107.85689453525016,1.1438726561098818e-05,0.5649647778895615
2022-01-31,46216.93,47990.0,32917.17,38466.9,1279407.465721,51219874505.32576,34735027,Indonesia,0.0209997694690749,92.13331525641604,0.0434180893843395,0.0,1.0,0.0,1.0,0.6,0.3,1.0,0.5,0.0,0.1,0.051,2022,1250.765614909657,104.23046790913808,1.2274793459013453e-05,0.4914098107088629
2022-02-28,38466.9,45821.0,34322.28,43160.0,1253514.21906,50460034907.55031,32130539,Indonesia,0.0251736611477581,97.15979042701608,0.0408319143686172,0.0,1.0,0.0,1.0,0.6,0.3,1.0,0.5,0.0,0.1,0.051,2022,1250.765614909657,104.23046790913808,1.2026370448156666e-05,0.4841198156333555
2022-03-31,43160.0,48189.84,37155.0,45510.34,1501398.79591,62901992842.08859,36916545,Indonesia,0.0077902780668743,20.29424362520034,0.0456119997008292,0.0,1.0,0.0,1.0,0.6,0.3,1.0,0.5,0.0,0.1,0.051,2022,1250.765614909657,104.23046790913808,1.4404605736000629e-05,0.6034894988375453
2022-04-30,45510.35,47444.11,37578.2,37630.8,1267655.68178,52631184274.742294,30889436,Indonesia,0.0298592773919292,60.96636807557544,0.043397875458879,0.0,1.0,0.0,1.0,0.6,0.3,1.0,0.5,0.0,0.1,0.051,2022,1250.765614909657,104.23046790913808,1.2162045390461709e-05,0.5049500911827722
2022-05-31,37630.8,40023.77,26700.0,31801.04,2387839.6808040002,75083768066.54288,45431716,Indonesia,0.0142986768626407,31.23966325792634,0.046891243048801,0.0,1.0,0.0,1.0,0.6,0.3,1.0,0.5,0.0,0.1,0.051,2022,1250.765614909657,104.23046790913808,2.2909229217752113e-05,0.7203629569426516
2022-06-30,31801.05,31982.97,17622.0,19942.21,2816058.473226,66264559120.90303,43144553,Indonesia,0.0306092011552987,65.61737091812724,0.0201674174778919,0.0,1.0,0.0,1.0,0.6,0.3,1.0,0.5,0.0,0.1,0.051,2022,1250.765614909657,104.23046790913808,2.7017613272933513e-05,0.6357503755875731
2022-07-31,19942.21,24668.0,18781.0,23293.32,4983278.5881,108467653397.87392,122560442,Indonesia,0.0248453480860618,51.02350239028354,0.0513638358533957,0.0,1.0,0.0,1.0,0.6,0.3,1.0,0.5,0.0,0.1,0.051,2022,1250.765614909657,104.23046790913808,4.781019108965457e-05,1.0406520816200264
2022-08-31,23296.36,25211.32,19520.0,20050.02,5692462.41571,127275534241.5204,181680670,Indonesia,0.0218196053753696,38.03453365888191,0.038915621257516,0.0,1.0,0.0,1.0,0.6,0.3,1.0,0.5,0.0,0.1,0.051,2022,1250.765614909657,104.23046790913808,5.4614188441256444e-05,1.2210972165305025
2022-09-30,20048.44,22799.0,18125.98,19422.61,9838930.53657,194954443051.87833,175214455,Indonesia,0.0081368451422425,38.31383700081784,0.001125674171283,0.0,1.0,0.0,1.0,0.6,0.3,1.0,0.5,0.0,0.1,0.051,2022,1250.765614909657,104.23046790913808,9.439591641425799e-05,1.8704170379608003
2022-10-31,19422.61,21085.0,18190.0,20490.74,7499121.81542,147758324643.9277,155718643,Indonesia,0.0413667736608751,5.21311846220642,0.0125931233094701,0.0,0.0,0.0,1.0,0.6,0.3,1.0,0.5,0.0,0.1,0.051,2022,1250.765614909657,104.23046790913808,7.194750216373668e-05,1.417611640895008
2022-11-30,20490.74,21480.65,15476.0,17163.64,9127693.509065,163721792600.4427,204731238,Indonesia,0.0215678731110931,6.585096392742851,0.0124703497030885,0.0,1.0,0.0,1.0,0.6,0.3,1.0,0.5,0.0,0.1,0.051,2022,1250.765614909657,104.23046790913808,8.757222040893052e-05,1.5707671267787608
2022-12-31,17165.53,18387.95,16256.3,16542.4,5803833.88187,98636156444.71242,137340627,Indonesia,0.0313783603733801,97.2675023819793,0.0244703789466307,1.0,1.0,0.0,1.0,0.6,0.3,1.0,0.5,0.0,0.1,0.051,2022,1250.765614909657,104.23046790913808,5.5682700061650264e-05,0.9463274839243506
2023-01-31,16541.77,23960.54,16499.01,23125.13,7977028.87801,164131402696.49188,195640242,Indonesia,0.0331878033452478,93.20356467859504,0.0173274330979007,0.0,1.0,0.0,1.0,0.6,0.3,1.0,0.5,0.0,0.1,0.051,2023,1453.6142215913733,121.13451846594778,6.585264860117002e-05,1.3549515429215246
2023-02-28,23125.13,25250.0,21351.07,23141.57,8642691.27165,202098042118.3695,237616543,Indonesia,0.0164516009469776,13.61534097019434,0.0290765901298331,0.0,1.0,0.0,1.0,0.6,0.3,1.0,0.5,0.0,0.1,0.051,2023,1453.6142215913733,121.13451846594778,7.134788152131511e-05,1.6683769802179174
2023-03-31,23141.57,29184.68,19549.09,28465.36,9516189.35846,230976895658.80542,225288488,Indonesia,0.0240704360497707,65.90912314554882,0.0295818244307004,1.0,1.0,0.0,1.0,0.6,0.3,1.0,0.5,0.0,0.1,0.051,2023,1453.6142215913733,121.13451846594778,7.855885736760577e-05,1.9067801530389994
2023-04-30,28465.36,31000.0,26942.82,29233.21,1626745.5585,47014519902.68321,34498914,Indonesia,0.0269697716964053,68.53007685621009,0.0177791655024442,0.0,1.0,0.0,1.0,0.6,0.3,1.0,0.5,0.0,0.1,0.051,2023,1453.6142215913733,121.13451846594778,1.3429248566809598e-05,0.38811827130760834
2023-05-31,29233.2,29820.0,25811.46,27210.35,1302000.49221,35924529010.97082,29655319,Indonesia,0.0342429974160901,94.661890617673,0.0208381580483612,0.0,1.0,0.0,1.0,0.6,0.3,1.0,0.5,0.0,0.1,0.051,2023,1453.6142215913733,121.13451846594778,1.074838542059344e-05,0.29656723340234015
2023-06-30,27210.36,31431.94,24800.0,30472.0,1387207.48275,38711401831.08736,29570796,Indonesia,0.0233340832333348,16.366031326052052,0.031134766338414,0.0,1.0,0.0,1.0,0.6,0.3,1.0,0.5,0.0,0.1,0.051,2023,1453.6142215913733,121.13451846594778,1.1451793430292612e-05,0.319573663406022
2023-07-31,30471.99,31804.2,28861.9,29232.25,925773.81731,27982969413.570107,21817642,Indonesia,-0.0045923251064088,15.293022193473082,0.0253455826826334,0.0,1.0,0.0,1.0,0.6,0.3,1.0,0.5,0.0,0.1,0.051,2023,1453.6142215913733,121.13451846594778,7.642526911684922e-06,0.23100739382917035
2023-08-31,29232.26,30244.0,25166.0,25940.78,1025866.55023,28500591639.411907,20987443,Indonesia,0.0228205865252806,22.01481871756981,0.0252823948161981,0.0,1.0,0.0,1.0,0.6,0.3,1.0,0.5,0.0,0.1,0.051,2023,1453.6142215913733,121.13451846594778,8.468820970451805e-06,0.23528051294003147
2023-09-30,25940.77,27483.57,24901.0,26962.56,809329.04893,21298398913.077843,21100209,Indonesia,0.0169009072537736,59.63296032599398,-0.0014994953425537,0.0,1.0,0.0,1.0,0.6,0.3,1.0,0.5,0.0,0.1,0.051,2023,1453.6142215913733,121.13451846594778,6.681242136257892e-06,0.17582435777020117
2023-10-31,26962.57,35280.0,26538.66,34639.77,1141403.6799,34481112092.35803,39245039,Indonesia,0.0151437781797774,82.84208668702162,0.0340148900118174,0.0,1.0,0.0,1.0,0.6,0.3,1.0,0.5,0.0,0.1,0.051,2023,1453.6142215913733,121.13451846594778,9.422612929450501e-06,0.28465141504690955
2023-11-30,34639.78,38450.0,34097.39,37723.96,1055690.59638,38490444107.42635,37005526,Indonesia,0.0130060514834135,64.34673914178164,0.0325502057684489,1.0,1.0,0.0,1.0,0.6,0.3,1.0,0.5,0.0,0.1,0.051,2023,1453.6142215913733,121.13451846594778,8.715026977853269e-06,0.31774959437549943
2023-12-31,37723.97,44700.0,37615.86,42283.58,1195409.976,50669749699.392456,44162350,Indonesia,0.032881703311191,32.87683795578384,0.0066226798457123,0.0,0.0,0.0,1.0,0.6,0.3,1.0,0.5,0.0,0.1,0.051,2023,1453.6142215913733,121.13451846594778,9.868450307465767e-06,0.4182932358263864
2024-01-31,42283.58,48969.48,38555.0,42580.0,1403408.84978,60830257410.58648,52549865,Indonesia,0.0415393237216091,39.6159588499202,0.0088398773299585,0.0,1.0,0.0,1.0,0.6,0.3,1.0,0.5,0.0,0.1,0.051,2024,1410.537666675265,117.54480555627208,1.1939352344312212e-05,0.5175069806165555
2024-02-29,42580.0,64000.0,41884.28,61130.98,1206112.69545,61810386480.104126,48050724,Indonesia,0.0285948408393466,57.71783468315397,0.0305785346213963,0.0,1.0,0.0,1.0,0.6,0.3,1.0,0.5,0.0,0.1,0.051,2024,1410.537666675265,117.54480555627208,1.0260876180297046e-05,0.5258453250025898
2024-03-31,61130.99,73777.0,59005.0,71280.01,1706807.381342,114890900621.64632,78610868,Indonesia,0.0246258472614247,3.09793334348916,0.048151367145496,0.0,1.0,0.0,1.0,0.6,0.3,1.0,0.5,0.0,0.1,0.051,2024,1410.537666675265,117.54480555627208,1.452048325967839e-05,0.9774221844847473
2024-04-30,71280.0,72797.99,59191.6,60672.0,1201500.9585199999,78870257314.33829,56536352,Indonesia,0.0200961919816693,71.564745582064,0.0439195449596037,0.0,1.0,0.0,1.0,0.6,0.3,1.0,0.5,0.0,0.1,0.051,2024,1410.537666675265,117.54480555627208,1.0221642316170295e-05,0.6709803716216182
2024-05-31,60672.01,71979.0,56552.82,67540.01,945031.04072,61102526732.0654,40467569,Indonesia,0.0223231405163053,72.32434260557564,0.0362527310371351,0.0,1.0,0.0,1.0,0.6,0.3,1.0,0.5,0.0,0.1,0.051,2024,1410.537666675265,117.54480555627208,8.039751618522918e-06,0.5198232830698236
2024-06-30,67540.01,71997.02,58402.0,62772.01,696818.1881799999,46007819231.09386,35341653,Indonesia,0.0214711323442431,60.379175044875794,0.046044616500296,0.0,1.0,0.0,1.0,0.6,0.3,1.0,0.5,0.0,0.1,0.051,2024,1410.537666675265,117.54480555627208,5.928107030186145e-06,0.39140665564390753
2024-07-31,62772.01,70079.99,53485.93,64628.0,908004.33426,56352575125.89188,54947978,Indonesia,0.0239845975903769,1.7035458069467055,0.028952323749211,0.0,1.0,0.0,1.0,0.6,0.3,1.0,0.5,0.0,0.1,0.051,2024,1410.537666675265,117.54480555627208,7.724750829804318e-06,0.4794135722051476
2024-08-31,64628.01,65659.78,49000.0,58973.99,1010291.47396,59410017127.33833,68421354,Indonesia,0.0168391923885126,91.77110409739704,0.0271096526371982,0.0,1.0,1.0,1.0,0.6,0.3,1.0,0.5,0.0,0.1,0.051,2024,1410.537666675265,117.54480555627208,8.594947851407559e-06,0.5054244366323534
2024-09-30,58974.0,66498.0,52550.0,63327.59,734117.07575,43783927982.82593,91935065,Indonesia,0.017611298539524,75.10267568311878,0.0254097894840209,0.0,1.0,0.0,1.0,0.6,0.3,1.0,0.5,0.0,0.1,0.051,2024,1410.537666675265,117.54480555627208,6.2454233709081856e-06,0.37248713608076284
2024-10-31,63327.6,73620.12,58946.0,70292.01,756010.86343,49836497872.668884,116212071,Indonesia,0.0290929554511428,28.663113713850816,0.0351467351514213,0.0,1.0,0.0,1.0,0.6,0.3,1.0,0.5,0.0,0.1,0.051,2024,1410.537666675265,117.54480555627208,6.431682453786321e-06,0.4239787342096603
2024-11-30,70292.01,99588.01,66835.0,96407.99,1343559.242196,116340254505.95044,192124856,Indonesia,0.0150220836749707,4.976431122336648,0.0313040011226696,0.0,1.0,0.0,1.0,0.6,0.3,1.0,0.5,0.0,0.1,0.051,2024,1410.537666675265,117.54480555627208,1.1430188138367369e-05,0.9897524093504498
2024-12-31,96407.99,108353.0,90500.0,93576.0,1019450.065773,100509976051.22847,179962652,Indonesia,0.0121450230635773,22.793884386990342,0.0251461168103754,0.0,1.0,0.0,1.0,0.6,0.3,1.0,0.5,0.0,0.1,0.051,2024,1410.537666675265,117.54480555627208,8.672863602509087e-06,0.8550779898403206
2025-01-31,93576.0,107240.81,89256.69,102429.56,783493.30253,78353503117.11351,125495936,Indonesia,0.0283739422289864,6.595099134854462,0.0211411389667091,0.0,1.0,0.0,1.0,0.6,0.3,1.0,0.5,0.0,0.1,0.051,2025,1401.7814770820585,116.81512309017154,6.70712217565536e-06,0.6707479395166253
2025-02-28,102429.56,102783.71,81111.0,82659.59,320687.74492,30297424308.20152,51531942,Indonesia,0.0126427461761913,80.42248187345557,0.0100672140920396,0.0,1.0,0.0,1.0,0.6,0.3,1.0,0.5,0.0,0.1,0.051,2025,1401.7814770820585,116.81512309017154,2.745258802427968e-06,0.25936217423504687
2025-03-31,84349.95,95000.0,76606.0,81991.99,340979.88474,29977445862.081345,59537914,Indonesia,0.0219293293451961,14.39761733341383,0.0273608150080169,0.0,1.0,0.0,1.0,0.6,0.3,1.0,0.5,0.0,0.1,0.051,2025,1401.7814770820585,116.81512309017154,2.918970384312243e-06,0.25662298741012546
2025-04-30,82550.0,95461.53,74620.0,94503.4,70189.29417,5999434245.522589,9136881,Indonesia,0.0277777863809367,95.75763461667825,0.013816217870971,0.0,1.0,0.0,1.0,0.6,0.3,1.0,0.5,0.0,0.1,0.051,2025,1401.7814770820585,116.81512309017154,6.008579395650657e-07,0.05135836942012658
2025-05-31,94172.0,105086.42,93711.08,102822.55,29156.04,2925296316.5265837,5167199,Indonesia,0.0,0.0,0.0,0.0,0.0,0.0,0.0,0.0,0.0,0.0,0.0,0.0,0.1,0.051,2025,1401.7814770820585,116.81512309017154,2.4959131342518015e-07,0.025042102761544827
2018-01-31,13715.65,17176.24,9035.0,10285.1,816675.564467,9979686765.57534,7214977,Russia,0.0232365295387165,22.90671596459645,0.0230954791680284,0.0,1.0,0.0,0.0,0.2,0.13,0.0,0.3,0.0,0.14,0.078,2018,1600.0,133.33333333333334,6.125066733502499e-06,0.07484765074181504
2018-02-28,10285.1,11786.01,6000.01,10326.76,1243940.85531,11576600898.496582,11684784,Russia,0.0276732539230058,93.88720380903088,0.0585454738618566,0.0,0.0,0.0,0.0,0.2,0.13,0.0,0.3,0.0,0.14,0.078,2018,1600.0,133.33333333333334,9.329556414825e-06,0.08682450673872436
2018-03-31,10325.64,11710.0,6600.1,6923.91,1235326.31402,10789435243.860195,9237002,Russia,0.0072786090400874,13.390827992223212,0.0280191317576863,1.0,0.0,0.0,0.0,0.2,0.13,0.0,0.3,0.0,0.14,0.078,2018,1600.0,133.33333333333334,9.264947355149998e-06,0.08092076432895146
2018-04-30,6922.0,9759.82,6430.0,9246.01,1110964.015581,8963408127.53917,7421056,Russia,0.0143862553270793,12.830174914805877,0.0221995284075743,0.0,0.0,0.0,0.0,0.2,0.13,0.0,0.3,0.0,0.14,0.078,2018,1600.0,133.33333333333334,8.332230116857499e-06,0.06722556095654376
2018-05-31,9246.01,10020.0,7032.95,7485.01,914476.377885,7717053810.960644,7433740,Russia,0.0294900266938288,89.22591411988182,0.0240896972204993,0.0,0.0,0.0,0.0,0.2,0.13,0.0,0.3,0.0,0.14,0.078,2018,1600.0,133.33333333333334,6.858572834137499e-06,0.05787790358220482
2018-06-30,7485.01,7786.69,5750.0,6390.07,942249.765944,6334765066.668446,6911213,Russia,0.0138403143087171,18.606297771130105,0.0195754094164018,0.0,0.0,0.0,0.0,0.2,0.13,0.0,0.3,0.0,0.14,0.078,2018,1600.0,133.33333333333334,7.066873244579999e-06,0.04751073800001334
2018-07-31,6391.08,8491.77,6070.0,7730.93,1102510.436786,7956324970.008916,6137961,Russia,0.0023204762814321,39.4033993203885,0.0109752662906031,0.0,0.0,0.0,0.0,0.2,0.13,0.0,0.3,0.0,0.14,0.078,2018,1600.0,133.33333333333334,8.268828275894998e-06,0.05967243727506687
2018-08-31,7735.67,7750.0,5880.0,7011.21,1408159.816556,9361010282.352654,6947401,Russia,0.014671038465245,88.31416408184899,0.0347670276407107,0.0,0.0,0.0,0.0,0.2,0.13,0.0,0.3,0.0,0.14,0.078,2018,1600.0,133.33333333333334,1.056119862417e-05,0.0702075771176449
2018-09-30,7011.21,7410.0,6111.0,6626.57,1100653.423315,7274119992.680284,5764608,Russia,0.0330011674697432,3.126357611240827,0.0234679614169172,0.0,0.0,0.0,0.0,0.2,0.13,0.0,0.3,0.0,0.14,0.078,2018,1600.0,133.33333333333334,8.254900674862499e-06,0.05455589994510212
2018-10-31,6626.57,7680.0,6205.0,6371.93,629922.086219,4151246611.5536914,3852914,Russia,0.0142037537356848,22.689550842383284,0.0238538400278544,0.0,0.0,0.0,0.0,0.2,0.13,0.0,0.3,0.0,0.14,0.078,2018,1600.0,133.33333333333334,4.7244156466425e-06,0.031134349586652683
2018-11-30,6369.52,6615.15,3652.66,4041.32,1210366.564567,5762104292.969666,6810329,Russia,0.0321195146607076,48.00546258399374,0.0167480171303381,0.0,0.0,0.0,0.0,0.2,0.13,0.0,0.3,0.0,0.14,0.078,2018,1600.0,133.33333333333334,9.077749234252498e-06,0.04321578219727249
2018-12-31,4041.27,4312.99,3156.26,3702.9,1591229.611862,5893039910.760216,7933980,Russia,0.0300537788884671,11.742914209902793,0.0197890968582744,0.0,0.0,0.0,0.0,0.2,0.13,0.0,0.3,0.0,0.14,0.078,2018,1600.0,133.33333333333334,1.1934222088964999e-05,0.044197799330701615
2019-01-31,3701.23,4069.8,3349.92,3434.1,908244.14054,3320676978.282867,6315903,Russia,0.0118907275884683,57.65623548122224,0.0355938449214896,0.0,0.0,0.0,0.0,0.2,0.13,0.0,0.3,0.0,0.14,0.078,2019,1662.2498720750248,138.52082267291874,6.556733659347265e-06,0.023972402951459443
2019-02-28,3434.1,4198.0,3373.1,3813.69,861783.986727,3202849295.152803,5866928,Russia,0.0184095013807082,91.8236948781361,0.0540389577336179,0.0,0.0,0.0,0.0,0.2,0.13,0.0,0.3,0.0,0.14,0.078,2019,1662.2498720750248,138.52082267291874,6.2213317109867376e-06,0.023121789441833646
2019-03-31,3814.26,4140.0,3670.69,4103.95,787190.48925,3091934416.096792,5549651,Russia,0.0158331088599568,89.84887796308398,0.0293888688839124,0.0,0.0,0.0,0.0,0.2,0.13,0.0,0.3,0.0,0.14,0.078,2019,1662.2498720750248,138.52082267291874,5.68283146216037e-06,0.02232108037213726
2019-04-30,4102.44,5600.0,4067.0,5320.81,1126961.315101,5743659745.683714,7878682,Russia,0.0185272394826932,82.81811934962981,0.0354873519672784,0.0,0.0,0.0,0.0,0.2,0.13,0.0,0.3,0.0,0.14,0.078,2019,1662.2498720750248,138.52082267291874,8.135681649552639e-06,0.04146423357047112
2019-05-31,5321.94,9074.26,5316.2,8555.0,1498410.025617,11148664963.531687,12978067,Russia,0.0283896769115182,39.777664448224286,0.0390741668621605,0.0,0.0,0.0,0.0,0.2,0.13,0.0,0.3,0.0,0.14,0.078,2019,1662.2498720750248,138.52082267291874,1.0817218644124786e-05,0.08048367565543839
2019-06-30,8555.0,13970.0,7444.58,10854.1,1689489.647326,17039339677.99758,15717591,Russia,-0.0005193817080648,18.375809934233907,0.0230998048846036,0.0,0.0,0.0,0.0,0.2,0.13,0.0,0.3,0.0,0.14,0.078,2019,1662.2498720750248,138.52082267291874,1.2196647512809645e-05,0.12300922958154525
2019-07-31,10854.1,13147.08,9060.0,10080.53,1886176.065915,20321356634.297855,17005268,Russia,0.0032169179059451,27.24552769400581,0.029327483866767,0.0,0.0,0.0,0.0,0.2,0.13,0.0,0.3,0.0,0.14,0.078,2019,1662.2498720750248,138.52082267291874,1.3616552584074088e-05,0.1467025407601102
2019-08-31,10080.53,12330.7,9320.0,9587.47,1201961.576316,12906016545.404419,11862163,Russia,0.0233466648332841,15.488823280128972,0.0200905201375691,0.0,0.0,0.0,0.0,0.2,0.13,0.0,0.3,0.0,0.14,0.078,2019,1662.2498720750248,138.52082267291874,8.67711837919215e-06,0.09317022738075022
2019-09-30,9588.74,10905.87,7710.0,8289.34,1116856.475836,10708237140.603718,10290100,Russia,0.0048626993671013,22.97547186268621,0.0243860996805127,0.0,0.0,0.0,0.0,0.2,0.13,0.0,0.3,0.0,0.14,0.078,2019,1662.2498720750248,138.52082267291874,8.06273348861903e-06,0.07730416939472316
2019-10-31,8289.97,10370.0,7300.0,9140.85,1446763.024045,12389911486.343376,14098403,Russia,0.0320448004165555,68.33084940153374,0.0439746301748428,0.0,0.0,0.0,0.0,0.2,0.13,0.0,0.3,0.0,0.14,0.078,2019,1662.2498720750248,138.52082267291874,1.0444372161008303e-05,0.08944439721960765
2019-11-30,9140.86,9513.68,6515.0,7541.89,1499118.774995,12102536663.596674,12471724,Russia,0.0308318921372306,11.601220744438416,0.0351682718046731,0.0,0.0,0.0,0.0,0.2,0.13,0.0,0.3,0.0,0.14,0.078,2019,1662.2498720750248,138.52082267291874,1.0822335198909288e-05,0.08736980065570141
2019-12-31,7540.63,7750.0,6435.0,7195.23,1307033.020384,9459566247.185167,10826717,Russia,0.021238112695206,85.12755033104908,0.044497518380943,1.0,0.0,0.0,0.0,0.2,0.13,0.0,0.3,0.0,0.14,0.078,2019,1662.2498720750248,138.52082267291874,9.435642924748013e-06,0.06828985032468006
2020-01-31,7195.24,9578.0,6871.04,9352.89,1691323.137782,14188275899.577446,14894658,Russia,0.0186425207238717,63.7691017033276,0.0737881841195904,0.0,0.0,0.0,0.0,0.2,0.13,0.0,0.3,0.0,0.14,0.078,2020,1608.1267486205843,134.0105623850487,1.2620819640487514e-05,0.10587431055479553
2020-02-29,9351.71,10500.0,8445.0,8523.61,1609726.154564,15497862132.125307,17837429,Russia,0.0121329595259967,33.635510204535166,0.0098358544605896,0.0,0.0,0.0,0.0,0.2,0.13,0.0,0.3,0.0,0.14,0.078,2020,1608.1267486205843,134.0105623850487,1.2011934924493638e-05,0.1156465718545061
2020-03-31,8523.61,9188.0,3782.13,6410.44,3789768.913125,24019544659.32284,28381746,Russia,0.0216463232234828,37.41963939696144,0.0386023410953278,0.0,0.0,0.0,0.0,0.2,0.13,0.0,0.3,0.0,0.14,0.078,2020,1608.1267486205843,134.0105623850487,2.8279628453733113e-05,0.17923620520528952
2020-04-30,6412.14,9460.0,6150.11,8620.0,2528373.691121,18428838833.75182,22386100,Russia,0.0168415384395779,85.60926400278655,0.0328990835890735,0.0,0.0,0.0,0.0,0.2,0.13,0.0,0.3,0.0,0.14,0.078,2020,1608.1267486205843,134.0105623850487,1.8866973215561144e-05,0.13751780834111244
2020-05-31,8620.0,10067.0,8117.0,9448.27,2685340.078508,24747877574.699898,26310658,Russia,0.0143465008269151,80.22331849972969,0.0268499010853205,0.0,0.0,0.0,0.0,0.2,0.13,0.0,0.3,0.0,0.14,0.078,2020,1608.1267486205843,134.0105623850487,2.003827184003817e-05,0.18467109707063634
2020-06-30,9448.27,10380.0,8833.0,9138.55,1504745.517922,14277079245.338604,16545761,Russia,0.0365984520895801,28.96942788020128,0.0219197634555238,0.0,0.0,0.0,0.0,0.2,0.13,0.0,0.3,0.0,0.14,0.078,2020,1608.1267486205843,134.0105623850487,1.1228559086249171e-05,0.10653696985702277
2020-07-31,9138.08,11444.0,8893.03,11335.46,1507827.21494,14753365566.208982,20753644,Russia,0.0202266746798251,2.073576414941326,0.0207990150617464,0.0,0.0,0.0,0.0,0.2,0.13,0.0,0.3,0.0,0.14,0.078,2020,1608.1267486205843,134.0105623850487,1.1251555012563887e-05,0.11009106523871276
2020-08-31,11335.46,12468.0,10518.5,11649.51,1891193.007128,21998484649.31155,30195218,Russia,0.0313390812532837,46.48605780704647,0.0547726209348733,0.0,1.0,0.0,0.0,0.2,0.13,0.0,0.3,0.0,0.14,0.078,2020,1608.1267486205843,134.0105623850487,1.4112268268034645e-05,0.16415485658588563
2020-09-30,11649.51,12050.85,9825.0,10776.59,1730389.1601789999,18438729253.51499,26134850,Russia,0.0094336133573329,96.1731307337927,0.040246763748583,0.0,0.0,0.0,0.0,0.2,0.13,0.0,0.3,0.0,0.14,0.078,2020,1608.1267486205843,134.0105623850487,1.2912334142790344e-05,0.13759161162636957
2020-10-31,10776.59,14100.0,10374.0,13791.0,1592634.419946,19264362947.437504,22613534,Russia,0.0185269536633546,87.91298414405335,0.0319987272060381,0.0,0.0,0.0,0.0,0.2,0.13,0.0,0.3,0.0,0.14,0.078,2020,1608.1267486205843,134.0105623850487,1.1884394719350025e-05,0.14375257147332732
2020-11-30,13791.0,19863.16,13195.05,19695.87,2707064.911165,45120124395.27153,42912200,Russia,0.0257808335383783,56.06492569998736,0.0192296303421501,0.0,1.0,0.0,0.0,0.2,0.13,0.0,0.3,0.0,0.14,0.078,2020,1608.1267486205843,134.0105623850487,2.0200384678536515e-05,0.33669080699496784
2020-12-31,19695.87,29300.0,17572.33,28923.63,2495281.856217,55748654003.59772,45342713,Russia,0.0107020835323999,86.04222723921599,-0.0001325823267164,1.0,0.0,0.0,0.0,0.2,0.13,0.0,0.3,0.0,0.14,0.078,2020,1608.1267486205843,134.0105623850487,1.862003868805041e-05,0.41600194052926
2021-01-31,28923.63,41950.0,28130.0,33092.98,3440864.750019,118838018199.71985,73759099,Russia,0.0180551673209898,80.80245483638461,0.0171633722021289,0.0,1.0,0.0,0.0,0.2,0.13,1.0,0.7,0.0,0.14,0.078,2021,1788.0487260593338,149.00406050494448,2.3092422705519623e-05,0.7975488573734296
2021-02-28,33092.97,58352.8,32296.16,45135.66,2518242.148517,115983202933.60136,65653181,Russia,0.0147779154117391,41.52845913118219,0.0142062296799996,0.0,1.0,0.0,0.0,0.2,0.13,1.0,0.7,0.0,0.14,0.078,2021,1788.0487260593338,149.00406050494448,1.690049344952875e-05,0.7783895454966654
2021-03-31,45134.11,61844.0,44950.53,58740.55,2098808.027432,114277364895.2288,63155913,Russia,0.006772602369001,35.61622692044161,0.0412967414880937,0.0,1.0,0.0,0.0,0.2,0.13,1.0,0.7,0.0,0.14,0.078,2021,1788.0487260593338,149.00406050494448,1.4085576059602441e-05,0.7669412800427454
2021-04-30,58739.46,64854.0,46930.0,57694.27,1993468.938007,113040658323.56618,62061792,Russia,0.0110966828644575,95.48594961996986,0.0277799432941992,0.0,1.0,0.0,0.0,0.2,0.13,1.0,0.7,0.0,0.14,0.078,2021,1788.0487260593338,149.00406050494448,1.3378621570791686e-05,0.7586414621218667
2021-05-31,57697.25,59500.0,30000.0,37253.81,3536245.256573,154980424224.31555,83178232,Russia,-0.0024071215470517,0.7640025887388469,0.0604812291675956,0.0,1.0,0.0,0.0,0.2,0.13,1.0,0.7,0.0,0.14,0.078,2021,1788.0487260593338,149.00406050494448,2.3732542889028548e-05,1.040108730588404
2021-06-30,37253.82,41330.0,28805.0,35045.0,2901775.305923,102481507278.73122,55904176,Russia,0.013211682091732,86.58470220441968,0.0312712243790148,0.0,1.0,0.0,0.0,0.2,0.13,1.0,0.7,0.0,0.14,0.078,2021,1788.0487260593338,149.00406050494448,1.947447134050893e-05,0.6877766077745949
2021-07-31,35045.0,42448.0,29278.0,41461.83,1778463.264837,61788476064.5392,40228107,Russia,0.0158510214641015,33.02362323417263,0.0432985640949504,0.0,1.0,0.0,0.0,0.2,0.13,1.0,0.7,0.0,0.14,0.078,2021,1788.0487260593338,149.00406050494448,1.1935669798595753e-05,0.41467645817939863
2021-08-31,41461.84,50500.0,37332.7,47100.89,1635402.874245,73756799190.98482,51659027,Russia,0.0169180671551256,28.45603074962155,0.0142913323083964,0.0,1.0,0.0,0.0,0.2,0.13,1.0,0.7,0.0,0.14,0.078,2021,1788.0487260593338,149.00406050494448,1.0975559113643964e-05,0.4949985855488636
2021-09-30,47100.89,52920.0,39600.0,43824.1,1527799.510768,70114825134.22693,41915331,Russia,0.0051039483640275,61.91980996409625,0.0307900974583005,0.0,1.0,0.0,0.0,0.2,0.13,1.0,0.7,0.0,0.14,0.078,2021,1788.0487260593338,149.00406050494448,1.0253408568804084e-05,0.4705564727338438
2021-10-31,43820.01,67000.0,43283.03,61299.8,1565556.292623,90057212588.12695,49815374,Russia,0.0214829828455398,44.367824160693104,0.0035995806982744,0.0,1.0,0.0,0.0,0.2,0.13,1.0,0.7,0.0,0.14,0.078,2021,1788.0487260593338,149.00406050494448,1.0506802883878787e-05,0.6043943519588751
2021-11-30,61299.81,69000.0,53256.64,56950.56,1291900.105248,78194635615.7968,45535890,Russia,0.0071620198655171,26.61039478510917,0.0375167865268766,0.0,1.0,0.0,0.0,0.2,0.13,1.0,0.7,0.0,0.14,0.078,2021,1788.0487260593338,149.00406050494448,8.670234226302377e-06,0.5247819109815602
2021-12-31,56950.56,59053.55,42000.3,46216.93,1233745.524318,60935346464.96546,38044561,Russia,0.0205245926107126,44.507503272882815,0.0397551994780977,0.0,0.0,0.0,0.0,0.2,0.13,1.0,0.7,0.0,0.14,0.078,2021,1788.0487260593338,149.00406050494448,8.279945661461085e-06,0.4089509121997612
2022-01-31,46216.93,47990.0,32917.17,38466.9,1279407.465721,51219874505.32576,34735027,Russia,0.0113150585897881,3.766883509688746,0.0082197137377864,0.0,1.0,1.0,1.0,0.9,0.13,1.0,0.7,0.0,0.14,0.078,2022,1755.5045548643914,146.29204623869927,8.745570922109043e-06,0.3501207059593124
2022-02-28,38466.9,45821.0,34322.28,43160.0,1253514.21906,50460034907.55031,32130539,Russia,0.0146570104532072,93.67736085025412,0.0414538683040668,0.0,1.0,1.0,1.0,0.9,0.13,1.0,0.7,0.0,0.14,0.078,2022,1755.5045548643914,146.29204623869927,8.568573967546312e-06,0.3449267147799447
2022-03-31,43160.0,48189.84,37155.0,45510.34,1501398.79591,62901992842.08859,36916545,Russia,0.0284888721283049,92.06963356603586,0.0311521043119125,0.0,1.0,1.0,1.0,0.9,0.13,1.0,0.7,0.0,0.14,0.078,2022,1755.5045548643914,146.29204623869927,1.0263024098112782e-05,0.4299754802763081
2022-04-30,45510.35,47444.11,37578.2,37630.8,1267655.68178,52631184274.742294,30889436,Russia,0.0369831916440244,83.54072847740427,0.0094636447042693,0.0,1.0,1.0,1.0,0.9,0.13,1.0,0.7,0.0,0.14,0.078,2022,1755.5045548643914,146.29204623869927,8.665239938688214e-06,0.3597679137583868
2022-05-31,37630.8,40023.77,26700.0,31801.04,2387839.6808040002,75083768066.54288,45431716,Russia,0.0203963552252345,76.88438593581647,0.0338446649665748,0.0,1.0,1.0,1.0,0.9,0.13,1.0,0.7,0.0,0.14,0.078,2022,1755.5045548643914,146.29204623869927,1.6322416304901847e-05,0.5132457300107177
2022-06-30,31801.05,31982.97,17622.0,19942.21,2816058.473226,66264559120.90303,43144553,Russia,0.0295562970119257,4.505066787188061,0.0364203546477326,0.0,1.0,0.0,1.0,0.9,0.13,1.0,0.7,0.0,0.14,0.078,2022,1755.5045548643914,146.29204623869927,1.9249566505011096e-05,0.45296077828306275
2022-07-31,19942.21,24668.0,18781.0,23293.32,4983278.5881,108467653397.87392,122560442,Russia,0.0059604344363554,9.9616001039246,0.0433006267555471,0.0,1.0,1.0,1.0,0.9,0.13,1.0,0.7,0.0,0.14,0.078,2022,1755.5045548643914,146.29204623869927,3.4063906522771375e-05,0.7414460060316013
2022-08-31,23296.36,25211.32,19520.0,20050.02,5692462.41571,127275534241.5204,181680670,Russia,0.0228965419727918,0.5125294818376233,0.0608652950133354,0.0,1.0,1.0,1.0,0.9,0.13,1.0,0.7,0.0,0.14,0.078,2022,1755.5045548643914,146.29204623869927,3.8911633011283616e-05,0.8700099391176035
2022-09-30,20048.44,22799.0,18125.98,19422.61,9838930.53657,194954443051.87833,175214455,Russia,0.0262358439596774,73.8978996264101,0.0176164564587423,0.0,1.0,0.0,1.0,0.9,0.13,1.0,0.7,0.0,0.14,0.078,2022,1755.5045548643914,146.29204623869927,6.725540307581851e-05,1.3326387050036776
2022-10-31,19422.61,21085.0,18190.0,20490.74,7499121.81542,147758324643.9277,155718643,Russia,0.024578823321087,16.807248734950285,0.0218584908630906,0.0,1.0,1.0,1.0,0.9,0.13,1.0,0.7,0.0,0.14,0.078,2022,1755.5045548643914,146.29204623869927,5.1261309197794405e-05,1.0100229536938456
2022-11-30,20490.74,21480.65,15476.0,17163.64,9127693.509065,163721792600.4427,204731238,Russia,0.0281761386294959,2.7126740954304984,0.0172239003154987,0.0,0.0,1.0,1.0,0.9,0.13,1.0,0.7,0.0,0.14,0.078,2022,1755.5045548643914,146.29204623869927,6.239364164864905e-05,1.119143499663023
2022-12-31,17165.53,18387.95,16256.3,16542.4,5803833.88187,98636156444.71242,137340627,Russia,0.0135998830605569,21.081040510484847,-0.001721766260872,0.0,1.0,1.0,1.0,0.9,0.13,1.0,0.7,0.0,0.14,0.078,2022,1755.5045548643914,146.29204623869927,3.9672928440689796e-05,0.6742414162679184
2023-01-31,16541.77,23960.54,16499.01,23125.13,7977028.87801,164131402696.49188,195640242,Russia,0.0081383110911347,7.693711786787193,0.0398693446057205,0.0,1.0,1.0,1.0,0.9,0.13,1.0,0.7,1.0,0.14,0.078,2023,1942.5471281213645,161.87892734344703,4.927774731967246e-05,1.0139145680664534
2023-02-28,23125.13,25250.0,21351.07,23141.57,8642691.27165,202098042118.3695,237616543,Russia,0.0054085074728709,57.21207185085597,0.0623426348135574,0.0,1.0,1.0,1.0,0.9,0.13,1.0,0.7,1.0,0.14,0.078,2023,1942.5471281213645,161.87892734344703,5.338984766876676e-05,1.2484518240573244
2023-03-31,23141.57,29184.68,19549.09,28465.36,9516189.35846,230976895658.80542,225288488,Russia,0.0098259183737714,56.4724358554103,0.0303580875713146,0.0,1.0,1.0,1.0,0.9,0.13,1.0,0.7,1.0,0.14,0.078,2023,1942.5471281213645,161.87892734344703,5.8785843930570264e-05,1.426849679876851
2023-04-30,28465.36,31000.0,26942.82,29233.21,1626745.5585,47014519902.68321,34498914,Russia,0.0181386779449547,56.15763666687887,0.063806232992013,0.0,1.0,1.0,1.0,0.9,0.13,1.0,0.7,1.0,0.14,0.078,2023,1942.5471281213645,161.87892734344703,1.0049149603324523e-05,0.2904301422935417
2023-05-31,29233.2,29820.0,25811.46,27210.35,1302000.49221,35924529010.97082,29655319,Russia,0.0150491444269675,85.40626077850192,-0.0084089579374245,0.0,1.0,1.0,1.0,0.9,0.13,1.0,0.7,1.0,0.14,0.078,2023,1942.5471281213645,161.87892734344703,8.04305114678477e-06,0.2219222081621056
2023-06-30,27210.36,31431.94,24800.0,30472.0,1387207.48275,38711401831.08736,29570796,Russia,0.0159889114603261,18.844181891114427,0.0186004743569896,1.0,1.0,1.0,1.0,0.9,0.13,1.0,0.7,1.0,0.14,0.078,2023,1942.5471281213645,161.87892734344703,8.569413607534355e-06,0.23913799322969398
2023-07-31,30471.99,31804.2,28861.9,29232.25,925773.81731,27982969413.570107,21817642,Russia,0.0139733365507401,38.82941619813632,0.0365397069591035,0.0,1.0,1.0,1.0,0.9,0.13,1.0,0.7,1.0,0.14,0.078,2023,1942.5471281213645,161.87892734344703,5.718927302661522e-06,0.17286357077348696
2023-08-31,29232.26,30244.0,25166.0,25940.78,1025866.55023,28500591639.411907,20987443,Russia,0.0249048157873877,70.45000889450777,0.0249584038088897,0.0,1.0,1.0,1.0,0.9,0.13,1.0,0.7,1.0,0.14,0.078,2023,1942.5471281213645,161.87892734344703,6.3372457864975335e-06,0.17606115945495626
2023-09-30,25940.77,27483.57,24901.0,26962.56,809329.04893,21298398913.077843,21100209,Russia,0.0177280638980056,48.74162377696507,0.0178662840174749,0.0,1.0,1.0,1.0,0.9,0.13,1.0,0.7,1.0,0.14,0.078,2023,1942.5471281213645,161.87892734344703,4.999594834310361e-06,0.13156992860405198
2023-10-31,26962.57,35280.0,26538.66,34639.77,1141403.6799,34481112092.35803,39245039,Russia,0.028830722300243,71.37724134716909,0.0354533725818874,0.0,1.0,1.0,1.0,0.9,0.13,1.0,0.7,1.0,0.14,0.078,2023,1942.5471281213645,161.87892734344703,7.050971356378987e-06,0.21300556322072672
2023-11-30,34639.78,38450.0,34097.39,37723.96,1055690.59638,38490444107.42635,37005526,Russia,0.0228054475149141,90.4559466054527,0.033414767556246,0.0,1.0,1.0,1.0,0.9,0.13,1.0,0.7,1.0,0.14,0.078,2023,1942.5471281213645,161.87892734344703,6.521482528360324e-06,0.23777303654702328
2023-12-31,37723.97,44700.0,37615.86,42283.58,1195409.976,50669749699.392456,44162350,Russia,0.0236290958017098,81.93976813817095,0.0244240808070104,0.0,1.0,1.0,1.0,0.9,0.13,1.0,0.7,1.0,0.14,0.078,2023,1942.5471281213645,161.87892734344703,7.384592890610052e-06,0.3130101646392186
2024-01-31,42283.58,48969.48,38555.0,42580.0,1403408.84978,60830257410.58648,52549865,Russia,0.0248010906025038,81.0258561689396,0.0401525766041641,0.0,1.0,1.0,1.0,0.9,0.13,1.0,0.7,1.0,0.14,0.078,2024,2173.531329550439,181.1276107958699,7.748177340900478e-06,0.33584199086654953
2024-02-29,42580.0,64000.0,41884.28,61130.98,1206112.69545,61810386480.104126,48050724,Russia,0.0031311909126023,41.29218104386671,0.0654102480598526,0.0,1.0,1.0,1.0,0.9,0.13,1.0,0.7,1.0,0.14,0.078,2024,2173.531329550439,181.1276107958699,6.658911306511321e-06,0.3412532534852689
2024-03-31,61130.99,73777.0,59005.0,71280.01,1706807.381342,114890900621.64632,78610868,Russia,0.0191002390364328,41.45514413587354,0.048764055765361,0.0,1.0,1.0,1.0,0.9,0.13,1.0,0.7,1.0,0.14,0.078,2024,2173.531329550439,181.1276107958699,9.423231355188389e-06,0.6343091487643366
2024-04-30,71280.0,72797.99,59191.6,60672.0,1201500.9585199999,78870257314.33829,56536352,Russia,0.0310919917948114,93.37699710081458,0.0108239876486949,0.0,1.0,1.0,1.0,0.9,0.13,1.0,0.7,1.0,0.14,0.078,2024,2173.531329550439,181.1276107958699,6.633450047955895e-06,0.43544027863992946
2024-05-31,60672.01,71979.0,56552.82,67540.01,945031.04072,61102526732.0654,40467569,Russia,0.0246239719781124,39.380389472163856,0.0085908075826898,0.0,1.0,1.0,1.0,0.9,0.13,1.0,0.7,1.0,0.14,0.078,2024,2173.531329550439,181.1276107958699,5.21748747508764e-06,0.3373451814639553
2024-06-30,67540.01,71997.02,58402.0,62772.01,696818.1881799999,46007819231.09386,35341653,Russia,0.0254593022212329,86.69972563452295,0.013653339882131,0.0,1.0,1.0,1.0,0.9,0.13,1.0,0.7,1.0,0.14,0.078,2024,2173.531329550439,181.1276107958699,3.847111907004124e-06,0.2540077629740531
2024-07-31,62772.01,70079.99,53485.93,64628.0,908004.33426,56352575125.89188,54947978,Russia,0.0207693084757162,99.34834041889252,0.0295314161488889,0.0,1.0,1.0,1.0,0.9,0.13,1.0,0.7,1.0,0.14,0.078,2024,2173.531329550439,181.1276107958699,5.013064161064418e-06,0.3111208439082267
2024-08-31,64628.01,65659.78,49000.0,58973.99,1010291.47396,59410017127.33833,68421354,Russia,0.0348163596816982,35.75698337913618,0.0437626105730259,0.0,1.0,1.0,1.0,0.9,0.13,1.0,0.7,1.0,0.14,0.078,2024,2173.531329550439,181.1276107958699,5.577788331225737e-06,0.32800088769620656
2024-09-30,58974.0,66498.0,52550.0,63327.59,734117.07575,43783927982.82593,91935065,Russia,0.031577396254886,61.352187253562825,0.0206543393665073,0.0,1.0,1.0,1.0,0.9,0.13,1.0,0.7,1.0,0.14,0.078,2024,2173.531329550439,181.1276107958699,4.0530379246118745e-06,0.24172972740290954
2024-10-31,63327.6,73620.12,58946.0,70292.01,756010.86343,49836497872.668884,116212071,Russia,0.0241451737764261,40.93051033012744,0.0210706912009516,0.0,1.0,0.0,1.0,0.9,0.13,1.0,0.7,1.0,0.14,0.078,2024,2173.531329550439,181.1276107958699,4.173912856842247e-06,0.27514578066639667
2024-11-30,70292.01,99588.01,66835.0,96407.99,1343559.242196,116340254505.95044,192124856,Russia,0.0243324593499719,6.947053554365126,0.0309033215067397,0.0,1.0,1.0,1.0,0.9,0.13,1.0,0.7,1.0,0.14,0.078,2024,2173.531329550439,181.1276107958699,7.417749487736499e-06,0.6423109872357641
2024-12-31,96407.99,108353.0,90500.0,93576.0,1019450.065773,100509976051.22847,179962652,Russia,-0.0105274058536693,14.926391561521344,0.0007015022617992,0.0,1.0,1.0,1.0,0.9,0.13,1.0,0.7,1.0,0.14,0.078,2024,2173.531329550439,181.1276107958699,5.628352636539308e-06,0.5549125040052718
2025-01-31,93576.0,107240.81,89256.69,102429.56,783493.30253,78353503117.11351,125495936,Russia,0.0135297536937438,3.004298358690608,0.0400512317697304,0.0,1.0,1.0,1.0,0.9,0.13,1.0,0.7,1.0,0.14,0.078,2025,2150.302508606215,179.19187571718456,4.372370674698299e-06,0.4372603545976464
2025-02-28,102429.56,102783.71,81111.0,82659.59,320687.74492,30297424308.20152,51531942,Russia,0.0237722341872566,27.956067345092904,0.0422614624059191,0.0,1.0,1.0,1.0,0.9,0.13,1.0,0.7,1.0,0.14,0.078,2025,2150.302508606215,179.19187571718456,1.7896332835208218e-06,0.1690781135413718
2025-03-31,84349.95,95000.0,76606.0,81991.99,340979.88474,29977445862.081345,59537914,Russia,0.0370810870733507,27.559720510433337,0.0224011142422021,0.0,1.0,1.0,1.0,0.9,0.13,1.0,0.7,1.0,0.14,0.078,2025,2150.302508606215,179.19187571718456,1.9028758049174207e-06,0.167292438577931
2025-04-30,82550.0,95461.53,74620.0,94503.4,70189.29417,5999434245.522589,9136881,Russia,0.0220976674006408,77.74908386175767,0.0382399465726259,0.0,1.0,1.0,1.0,0.9,0.13,1.0,0.7,1.0,0.14,0.078,2025,2150.302508606215,179.19187571718456,3.91699087300021e-07,0.033480503630596466
2025-05-31,94172.0,105086.42,93711.08,102822.55,29156.04,2925296316.5265837,5167199,Russia,0.0,0.0,0.0,0.0,0.0,0.0,0.0,0.0,0.0,0.0,0.0,0.0,0.14,0.078,2025,2150.302508606215,179.19187571718456,1.6270849268867788e-07,0.016324938308830073
2018-01-31,13715.65,17176.24,9035.0,10285.1,816675.564467,9979686765.57534,7214977,United States,0.0299267092754332,87.62364272328833,0.0394787437062367,0.0,1.0,0.0,0.0,0.3,0.15,1.0,0.6,0.0,0.22,0.188,2018,21000.0,1750.0,4.66671751124e-07,0.005702678151757338
2018-02-28,10285.1,11786.01,6000.01,10326.76,1243940.85531,11576600898.496582,11684784,United States,0.0315361957807117,66.85382077537018,0.0326688217554015,0.0,1.0,0.0,0.0,0.3,0.15,1.0,0.6,0.0,0.22,0.188,2018,21000.0,1750.0,7.108233458914286e-07,0.006615200513426618
2018-03-31,10325.64,11710.0,6600.1,6923.91,1235326.31402,10789435243.860195,9237002,United States,0.0104755650712231,77.2862944146738,0.0199838351583718,0.0,1.0,0.0,0.0,0.3,0.15,1.0,0.6,0.0,0.22,0.188,2018,21000.0,1750.0,7.059007508685714e-07,0.006165391567920111
2018-04-30,6922.0,9759.82,6430.0,9246.01,1110964.015581,8963408127.53917,7421056,United States,0.0098577080913695,3.0926520104152075,0.0315705990049152,0.0,1.0,0.0,0.0,0.3,0.15,1.0,0.6,0.0,0.22,0.188,2018,21000.0,1750.0,6.348365803319999e-07,0.005121947501450954
2018-05-31,9246.01,10020.0,7032.95,7485.01,914476.377885,7717053810.960644,7433740,United States,0.0269930269664818,59.99813152699774,0.0401799687134615,0.0,1.0,0.0,0.0,0.3,0.15,1.0,0.6,0.0,0.22,0.188,2018,21000.0,1750.0,5.2255793022e-07,0.004409745034834654
2018-06-30,7485.01,7786.69,5750.0,6390.07,942249.765944,6334765066.668446,6911213,United States,0.0022259355028643,15.515118074790298,0.0114330806370982,0.0,1.0,0.0,0.0,0.3,0.15,1.0,0.6,0.0,0.22,0.188,2018,21000.0,1750.0,5.384284376822857e-07,0.003619865752381969
2018-07-31,6391.08,8491.77,6070.0,7730.93,1102510.436786,7956324970.008916,6137961,United States,0.0268087438380569,80.13298886480943,0.0518804266688795,0.0,1.0,0.0,0.0,0.3,0.15,1.0,0.6,0.0,0.22,0.188,2018,21000.0,1750.0,6.300059638777142e-07,0.0045464714114336665
2018-08-31,7735.67,7750.0,5880.0,7011.21,1408159.816556,9361010282.352654,6947401,United States,0.0147382847636236,41.5100366450652,0.0559858715117541,0.0,1.0,0.0,0.0,0.3,0.15,1.0,0.6,0.0,0.22,0.188,2018,21000.0,1750.0,8.046627523177142e-07,0.0053491487327729445
2018-09-30,7011.21,7410.0,6111.0,6626.57,1100653.423315,7274119992.680284,5764608,United States,0.0163903368430135,45.426827202745066,-0.004016560686578,0.0,1.0,0.0,0.0,0.3,0.15,1.0,0.6,0.0,0.22,0.188,2018,21000.0,1750.0,6.289448133228572e-07,0.004156639995817305
2018-10-31,6626.57,7680.0,6205.0,6371.93,629922.086219,4151246611.5536914,3852914,United States,0.0181679837252246,29.034987062611883,0.0266026106444116,0.0,1.0,0.0,0.0,0.3,0.15,1.0,0.6,0.0,0.22,0.188,2018,21000.0,1750.0,3.599554778394286e-07,0.0023721409208878235
2018-11-30,6369.52,6615.15,3652.66,4041.32,1210366.564567,5762104292.969666,6810329,United States,0.019339141401565,26.140111812556185,0.0373797998723044,0.0,1.0,1.0,0.0,0.3,0.15,1.0,0.6,0.0,0.22,0.188,2018,21000.0,1750.0,6.916380368954285e-07,0.0032926310245540947
2018-12-31,4041.27,4312.99,3156.26,3702.9,1591229.611862,5893039910.760216,7933980,United States,0.0006656297989136,91.41463847424131,0.0125775343450071,0.0,1.0,0.0,0.0,0.3,0.15,1.0,0.6,0.0,0.22,0.188,2018,21000.0,1750.0,9.092740639211429e-07,0.003367451377577266
2019-01-31,3701.23,4069.8,3349.92,3434.1,908244.14054,3320676978.282867,6315903,United States,0.0367496798471937,86.2577970495017,0.0420461309085651,1.0,1.0,0.0,1.0,0.7,0.15,1.0,0.6,0.0,0.22,0.188,2019,21735.42248686327,1811.2852072386058,5.014362933624701e-07,0.0018333263944364695
2019-02-28,3434.1,4198.0,3373.1,3813.69,861783.986727,3202849295.152803,5866928,United States,0.0196281205680028,36.49526899975806,0.0216676299898933,0.0,1.0,1.0,1.0,0.7,0.15,1.0,0.6,0.0,0.22,0.188,2019,21735.42248686327,1811.2852072386058,4.7578591338513296e-07,0.0017682744177189551
2019-03-31,3814.26,4140.0,3670.69,4103.95,787190.48925,3091934416.096792,5549651,United States,0.0241649723067141,69.40037402967056,0.0319748472913534,0.0,1.0,0.0,1.0,0.7,0.15,1.0,0.6,0.0,0.22,0.188,2019,21735.42248686327,1811.2852072386058,4.346032784368128e-07,0.0017070389598171562
2019-04-30,4102.44,5600.0,4067.0,5320.81,1126961.315101,5743659745.683714,7878682,United States,0.0175397772509075,41.71634086828886,0.0288137457129531,0.0,1.0,0.0,1.0,0.7,0.15,1.0,0.6,0.0,0.22,0.188,2019,21735.42248686327,1811.2852072386058,6.221887699392788e-07,0.003171041050150356
2019-05-31,5321.94,9074.26,5316.2,8555.0,1498410.025617,11148664963.531687,12978067,United States,0.0337132424267397,26.5303040262304,0.0561221716758754,0.0,0.0,0.0,1.0,0.7,0.15,1.0,0.6,0.0,0.22,0.188,2019,21735.42248686327,1811.2852072386058,8.272634368285933e-07,0.006155112910422527
2019-06-30,8555.0,13970.0,7444.58,10854.1,1689489.647326,17039339677.99758,15717591,United States,0.0264736168532726,53.17870307741357,0.0292480633646247,0.0,1.0,0.0,1.0,0.7,0.15,1.0,0.6,0.0,0.22,0.188,2019,21735.42248686327,1811.2852072386058,9.327573816504087e-07,0.00940732006748672
2019-07-31,10854.1,13147.08,9060.0,10080.53,1886176.065915,20321356634.297855,17005268,United States,0.0095421885479411,87.94413397468641,0.0040422829065206,0.0,1.0,0.0,1.0,0.7,0.15,1.0,0.6,0.0,0.22,0.188,2019,21735.42248686327,1811.2852072386058,1.041346806332377e-06,0.0112193024892412
2019-08-31,10080.53,12330.7,9320.0,9587.47,1201961.576316,12906016545.404419,11862163,United States,0.0091556840507201,39.571501016903966,0.0544237068707231,0.0,1.0,0.0,1.0,0.7,0.15,1.0,0.6,0.0,0.22,0.188,2019,21735.42248686327,1811.2852072386058,6.635959767752147e-07,0.007125336470384077
2019-09-30,9588.74,10905.87,7710.0,8289.34,1116856.475836,10708237140.603718,10290100,United States,0.0101879913424621,27.98688096008528,0.0277587170726928,0.0,1.0,0.0,1.0,0.7,0.15,1.0,0.6,0.0,0.22,0.188,2019,21735.42248686327,1811.2852072386058,6.166099471097117e-07,0.005911955277837749
2019-10-31,8289.97,10370.0,7300.0,9140.85,1446763.024045,12389911486.343376,14098403,United States,0.0243706430340792,34.888930797628184,0.0340614753709438,0.0,1.0,0.0,1.0,0.7,0.15,1.0,0.6,0.0,0.22,0.188,2019,21735.42248686327,1811.2852072386058,7.987494284517799e-07,0.006840397877059025
2019-11-30,9140.86,9513.68,6515.0,7541.89,1499118.774995,12102536663.596674,12471724,United States,0.011190466996475,84.30483731027135,0.0208867625435044,0.0,1.0,0.0,1.0,0.7,0.15,1.0,0.6,0.0,0.22,0.188,2019,21735.42248686327,1811.2852072386058,8.27654733226956e-07,0.006681739913311383
2019-12-31,7540.63,7750.0,6435.0,7195.23,1307033.020384,9459566247.185167,10826717,United States,0.0180395686293285,11.584045568978569,0.0396193404998187,0.0,1.0,0.0,1.0,0.7,0.15,1.0,0.6,0.0,0.22,0.188,2019,21735.42248686327,1811.2852072386058,7.216053082974362e-07,0.005222571359486088
2020-01-31,7195.24,9578.0,6871.04,9352.89,1691323.137782,14188275899.577446,14894658,United States,0.0136978066284658,69.40197479792661,0.0169838945653414,1.0,1.0,0.0,1.0,0.7,0.15,1.0,0.8,0.0,0.22,0.188,2020,19107.27144436485,1592.2726203637376,1.062207009121111e-06,0.008910707700504382
2020-02-29,9351.71,10500.0,8445.0,8523.61,1609726.154564,15497862132.125307,17837429,United States,0.0213563060647397,15.846433082853586,0.0374128105436791,1.0,1.0,0.0,1.0,0.7,0.15,1.0,0.8,0.0,0.22,0.188,2020,19107.27144436485,1592.2726203637376,1.0109613981783317e-06,0.009733171276024948
2020-03-31,8523.61,9188.0,3782.13,6410.44,3789768.913125,24019544659.32284,28381746,United States,0.0122026936123329,14.912473139878683,0.0182976394103789,1.0,1.0,0.0,1.0,0.7,0.15,1.0,0.8,0.0,0.22,0.188,2020,19107.27144436485,1592.2726203637376,2.3801005334496475e-06,0.01508507045347287
2020-04-30,6412.14,9460.0,6150.11,8620.0,2528373.691121,18428838833.75182,22386100,United States,0.0086571952235007,30.5949454865304,0.0438898712751917,1.0,1.0,0.0,1.0,0.7,0.15,1.0,0.8,0.0,0.22,0.188,2020,19107.27144436485,1592.2726203637376,1.5879025104026596e-06,0.011573921825988535
2020-05-31,8620.0,10067.0,8117.0,9448.27,2685340.078508,24747877574.699898,26310658,United States,0.0159247142775574,66.40571385812548,0.0469911224651264,1.0,1.0,0.0,1.0,0.7,0.15,1.0,0.8,0.0,0.22,0.188,2020,19107.27144436485,1592.2726203637376,1.6864826061598439e-06,0.015542487673402631
2020-06-30,9448.27,10380.0,8833.0,9138.55,1504745.517922,14277079245.338604,16545761,United States,-0.0022495482505524,31.3080841157384,0.030617057135087,1.0,1.0,0.0,1.0,0.7,0.15,1.0,0.8,0.0,0.22,0.188,2020,19107.27144436485,1592.2726203637376,9.450300775618795e-07,0.00896647914606304
2020-07-31,9138.08,11444.0,8893.03,11335.46,1507827.21494,14753365566.208982,20753644,United States,0.0170707304174647,19.54172120895633,0.010289442038917,1.0,1.0,0.0,1.0,0.7,0.15,1.0,0.8,0.0,0.22,0.188,2020,19107.27144436485,1592.2726203637376,9.469654854679051e-07,0.009265602747624169
2020-08-31,11335.46,12468.0,10518.5,11649.51,1891193.007128,21998484649.31155,30195218,United States,0.0285392759831714,68.81875680236267,0.0550371572156841,1.0,1.0,0.0,1.0,0.7,0.15,1.0,0.8,0.0,0.22,0.188,2020,19107.27144436485,1592.2726203637376,1.1877319140838944e-06,0.013815777755624682
2020-09-30,11649.51,12050.85,9825.0,10776.59,1730389.1601789999,18438729253.51499,26134850,United States,0.0056745919515439,42.787114059777785,0.0160683968618438,1.0,1.0,0.0,1.0,0.7,0.15,1.0,0.8,0.0,0.22,0.188,2020,19107.27144436485,1592.2726203637376,1.0867417664845052e-06,0.011580133337532904
2020-10-31,10776.59,14100.0,10374.0,13791.0,1592634.419946,19264362947.437504,22613534,United States,0.002685680998796,54.87685899130464,0.0232240624336546,1.0,0.0,0.0,1.0,0.7,0.15,1.0,0.8,0.0,0.22,0.188,2020,19107.27144436485,1592.2726203637376,1.0002272221337196e-06,0.01209865867255619
2020-11-30,13791.0,19863.16,13195.05,19695.87,2707064.911165,45120124395.27153,42912200,United States,0.0069205156348439,58.14989256415093,0.0237796070158855,1.0,1.0,0.0,1.0,0.7,0.15,1.0,0.8,0.0,0.22,0.188,2020,19107.27144436485,1592.2726203637376,1.700126521390916e-06,0.028336934151994852
2020-12-31,19695.87,29300.0,17572.33,28923.63,2495281.856217,55748654003.59772,45342713,United States,0.0106845041876368,17.855137133384318,0.0283089456927548,1.0,1.0,0.0,1.0,0.7,0.15,1.0,0.8,0.0,0.22,0.188,2020,19107.27144436485,1592.2726203637376,1.5671197408688593e-06,0.03501200315236378
2021-01-31,28923.63,41950.0,28130.0,33092.98,3440864.750019,118838018199.71985,73759099,United States,0.0439053792536177,4.370387336493076,0.0159720833671086,1.0,1.0,0.0,1.0,0.7,0.2,1.0,0.8,0.0,0.22,0.188,2021,23640.014565392903,1970.0012137827418,1.7466307766440135e-06,0.06032382993893205
2021-02-28,33092.97,58352.8,32296.16,45135.66,2518242.148517,115983202933.60136,65653181,United States,0.0223182452596734,55.33063121095266,0.0120965265569274,1.0,0.0,0.0,1.0,0.7,0.2,1.0,0.8,0.0,0.22,0.188,2021,23640.014565392903,1970.0012137827418,1.2782947192613862e-06,0.05887468602666169
2021-03-31,45134.11,61844.0,44950.53,58740.55,2098808.027432,114277364895.2288,63155913,United States,0.0174381246486623,59.6778636022958,0.0236087433753922,1.0,1.0,0.0,1.0,0.7,0.2,1.0,0.8,0.0,0.22,0.188,2021,23640.014565392903,1970.0012137827418,1.0653841290797616e-06,0.058008778926484296
2021-04-30,58739.46,64854.0,46930.0,57694.27,1993468.938007,113040658323.56618,62061792,United States,0.0174973307766488,12.670815490570904,0.0434316142725853,1.0,1.0,0.0,1.0,0.7,0.2,1.0,0.8,0.0,0.22,0.188,2021,23640.014565392903,1970.0012137827418,1.0119125430279282e-06,0.05738100947994272
2021-05-31,57697.25,59500.0,30000.0,37253.81,3536245.256573,154980424224.31555,83178232,United States,0.0255714237239371,30.06327429793784,0.0359784131184412,1.0,1.0,0.0,1.0,0.7,0.2,1.0,0.8,0.0,0.22,0.188,2021,23640.014565392903,1970.0012137827418,1.7950472476018427e-06,0.07867021763236705
2021-06-30,37253.82,41330.0,28805.0,35045.0,2901775.305923,102481507278.73122,55904176,United States,0.0172720663770015,46.53040565478301,0.032404154523276,1.0,1.0,0.0,1.0,0.7,0.2,1.0,0.8,0.0,0.22,0.188,2021,23640.014565392903,1970.0012137827418,1.4729814812403547e-06,0.05202103763273783
2021-07-31,35045.0,42448.0,29278.0,41461.83,1778463.264837,61788476064.5392,40228107,United States,0.0209612228186715,17.242356277208742,0.0591759235890637,1.0,1.0,0.0,1.0,0.7,0.2,1.0,0.8,0.0,0.22,0.188,2021,23640.014565392903,1970.0012137827418,9.027726746533541e-07,0.03136468933737085
2021-08-31,41461.84,50500.0,37332.7,47100.89,1635402.874245,73756799190.98482,51659027,United States,0.0078123908114266,79.11670751859658,0.031037409135327,1.0,0.0,0.0,1.0,0.7,0.2,1.0,0.8,0.0,0.22,0.188,2021,23640.014565392903,1970.0012137827418,8.30153231786464e-07,0.03743997652131343
2021-09-30,47100.89,52920.0,39600.0,43824.1,1527799.510768,70114825134.22693,41915331,United States,0.0192590396310929,97.41040291813287,0.048821041501507,1.0,1.0,1.0,1.0,0.7,0.2,1.0,0.8,0.0,0.22,0.188,2021,23640.014565392903,1970.0012137827418,7.755322687514297e-07,0.035591259865060884
2021-10-31,43820.01,67000.0,43283.03,61299.8,1565556.292623,90057212588.12695,49815374,United States,0.0184512202109389,99.38783449329614,0.0479523523860589,1.0,1.0,0.0,1.0,0.7,0.2,1.0,0.8,0.0,0.22,0.188,2021,23640.014565392903,1970.0012137827418,7.946981360569124e-07,0.045714292944622904
2021-11-30,61299.81,69000.0,53256.64,56950.56,1291900.105248,78194635615.7968,45535890,United States,0.0121950430514769,39.75775827307562,0.0356174278283936,1.0,0.0,0.0,1.0,0.7,0.2,1.0,0.8,0.0,0.22,0.188,2021,23640.014565392903,1970.0012137827418,6.557864514039203e-07,0.039692683978427415
2021-12-31,56950.56,59053.55,42000.3,46216.93,1233745.524318,60935346464.96546,38044561,United States,0.037424850092749,1.1660010497340785,0.0161081183675275,1.0,1.0,0.0,1.0,0.7,0.2,1.0,0.8,0.0,0.22,0.188,2021,23640.014565392903,1970.0012137827418,6.262663777495832e-07,0.03093162889375032
2022-01-31,46216.93,47990.0,32917.17,38466.9,1279407.465721,51219874505.32576,34735027,United States,0.008781574912998,6.261187188754757,0.044794133626974,1.0,1.0,0.0,1.0,0.7,0.2,1.0,0.8,0.0,0.22,0.188,2022,25022.049459317423,2085.1707882764517,6.135744241739187e-07,0.02456387495609546
2022-02-28,38466.9,45821.0,34322.28,43160.0,1253514.21906,50460034907.55031,32130539,United States,0.0424223817802666,61.70239114617659,0.0385220025649693,1.0,1.0,0.0,1.0,0.7,0.2,1.0,0.8,0.0,0.22,0.188,2022,25022.049459317423,2085.1707882764517,6.011566180131089e-07,0.024199473343504526
2022-03-31,43160.0,48189.84,37155.0,45510.34,1501398.79591,62901992842.08859,36916545,United States,0.0220548736499948,45.407541734433984,0.0473090457222611,1.0,1.0,0.0,1.0,0.7,0.2,1.0,0.8,0.0,0.22,0.188,2022,25022.049459317423,2085.1707882764517,7.200363655348432e-07,0.030166350495482316
2022-04-30,45510.35,47444.11,37578.2,37630.8,1267655.68178,52631184274.742294,30889436,United States,0.0336353032905717,48.00723401872936,0.0306188325252885,1.0,1.0,0.0,1.0,0.7,0.2,1.0,0.8,0.0,0.22,0.188,2022,25022.049459317423,2085.1707882764517,6.079385386114159e-07,0.025240706694460203
2022-05-31,37630.8,40023.77,26700.0,31801.04,2387839.6808040002,75083768066.54288,45431716,United States,-0.0066125332626242,21.4286785241582,0.0328682661388368,1.0,1.0,0.0,1.0,0.7,0.2,1.0,0.8,0.0,0.22,0.188,2022,25022.049459317423,2085.1707882764517,1.1451530465654216e-06,0.03600844999780818
2022-06-30,31801.05,31982.97,17622.0,19942.21,2816058.473226,66264559120.90303,43144553,United States,0.0213118657037053,46.9094266109776,0.0256967513194726,1.0,1.0,0.0,1.0,0.7,0.2,1.0,0.8,0.0,0.22,0.188,2022,25022.049459317423,2085.1707882764517,1.3505169404150733e-06,0.03177896002258674
2022-07-31,19942.21,24668.0,18781.0,23293.32,4983278.5881,108467653397.87392,122560442,United States,0.0160882371425537,88.94577196260641,0.041163218584797,1.0,1.0,0.0,1.0,0.7,0.2,1.0,0.8,0.0,0.22,0.188,2022,25022.049459317423,2085.1707882764517,2.3898659122397592e-06,0.052018594355779595
2022-08-31,23296.36,25211.32,19520.0,20050.02,5692462.41571,127275534241.5204,181680670,United States,0.0122502450457037,8.818983893533098,0.0052835317729668,1.0,1.0,0.0,1.0,0.7,0.2,1.0,0.8,0.0,0.22,0.188,2022,25022.049459317423,2085.1707882764517,2.7299741813548246e-06,0.06103842186793873
2022-09-30,20048.44,22799.0,18125.98,19422.61,9838930.53657,194954443051.87833,175214455,United States,0.0210797703761804,67.4160457348606,0.0492441861244429,1.0,1.0,0.0,1.0,0.7,0.2,1.0,0.8,0.0,0.22,0.188,2022,25022.049459317423,2085.1707882764517,4.7185250205344595e-06,0.09349567150469369
2022-10-31,19422.61,21085.0,18190.0,20490.74,7499121.81542,147758324643.9277,155718643,United States,0.0254067261355019,14.088232022759774,-0.0160016484454501,1.0,1.0,0.0,1.0,0.7,0.2,1.0,0.8,0.0,0.22,0.188,2022,25022.049459317423,2085.1707882764517,3.59640651863274e-06,0.07086149752081503
2022-11-30,20490.74,21480.65,15476.0,17163.64,9127693.509065,163721792600.4427,204731238,United States,0.017223512582806,19.2020213506448,0.0188380111480727,1.0,1.0,0.0,1.0,0.7,0.2,1.0,0.8,0.0,0.22,0.188,2022,25022.049459317423,2085.1707882764517,4.377432083925229e-06,0.07851720996713699
2022-12-31,17165.53,18387.95,16256.3,16542.4,5803833.88187,98636156444.71242,137340627,United States,0.0225612406323584,50.74211255745905,0.0560494997485913,1.0,1.0,0.0,1.0,0.7,0.2,1.0,0.8,0.0,0.22,0.188,2022,25022.049459317423,2085.1707882764517,2.7833853775916835e-06,0.047303634311049655
2023-01-31,16541.77,23960.54,16499.01,23125.13,7977028.87801,164131402696.49188,195640242,United States,0.0197363915067848,36.12475687065024,0.0199446292717688,1.0,1.0,0.0,1.0,0.7,0.2,1.0,0.8,0.0,0.22,0.188,2023,25727.687199903223,2143.9739333252687,3.7206743766878535e-06,0.07655475663452994
2023-02-28,23125.13,25250.0,21351.07,23141.57,8642691.27165,202098042118.3695,237616543,United States,0.0323728208901017,18.04765590080749,0.0416353485872637,1.0,1.0,0.0,1.0,0.7,0.2,1.0,0.8,0.0,0.22,0.188,2023,25727.687199903223,2143.9739333252687,4.0311550142054785e-06,0.09426329256014727
2023-03-31,23141.57,29184.68,19549.09,28465.36,9516189.35846,230976895658.80542,225288488,United States,0.0115249560877429,44.64516431112256,0.0088936103150491,1.0,1.0,0.0,1.0,0.7,0.2,1.0,0.8,0.0,0.22,0.188,2023,25727.687199903223,2143.9739333252687,4.438575120034479e-06,0.10773307084968332
2023-04-30,28465.36,31000.0,26942.82,29233.21,1626745.5585,47014519902.68321,34498914,United States,0.0225192222889998,61.79802487814827,0.0653455062229243,1.0,1.0,0.0,1.0,0.7,0.2,1.0,0.8,0.0,0.22,0.188,2023,25727.687199903223,2143.9739333252687,7.587524891111638e-07,0.021928680741824344
2023-05-31,29233.2,29820.0,25811.46,27210.35,1302000.49221,35924529010.97082,29655319,United States,0.0135377469439466,91.30316564274716,0.0372995825742059,1.0,1.0,0.0,1.0,0.7,0.2,1.0,0.8,0.0,0.22,0.188,2023,25727.687199903223,2143.9739333252687,6.07283732312276e-07,0.0167560474745383
2023-06-30,27210.36,31431.94,24800.0,30472.0,1387207.48275,38711401831.08736,29570796,United States,0.0191752068447008,38.8738496513641,0.0291934695397763,1.0,1.0,0.0,1.0,0.7,0.2,1.0,0.8,0.0,0.22,0.188,2023,25727.687199903223,2143.9739333252687,6.470262819839715e-07,0.01805591067567067
2023-07-31,30471.99,31804.2,28861.9,29232.25,925773.81731,27982969413.570107,21817642,United States,0.0041782711283146,12.475996261118514,0.0116145254058242,1.0,1.0,0.0,1.0,0.7,0.2,1.0,0.8,0.0,0.22,0.188,2023,25727.687199903223,2143.9739333252687,4.318027392591195e-07,0.013051916806735134
2023-08-31,29232.26,30244.0,25166.0,25940.78,1025866.55023,28500591639.411907,20987443,United States,0.0029064377118459,60.13347522328372,0.0323693017327402,1.0,1.0,0.0,1.0,0.7,0.2,1.0,0.8,0.0,0.22,0.188,2023,25727.687199903223,2143.9739333252687,4.784883502006471e-07,0.013293348019025564
2023-09-30,25940.77,27483.57,24901.0,26962.56,809329.04893,21298398913.077843,21100209,United States,0.003786404729152,40.5977997130634,0.045840157396689,1.0,1.0,0.0,1.0,0.7,0.2,1.0,0.8,0.0,0.22,0.188,2023,25727.687199903223,2143.9739333252687,3.774901533782847e-07,0.009934075495052486
2023-10-31,26962.57,35280.0,26538.66,34639.77,1141403.6799,34481112092.35803,39245039,United States,0.000577056134549,91.88334934738032,0.035483430500724,1.0,1.0,0.0,1.0,0.7,0.2,1.0,0.8,0.0,0.22,0.188,2023,25727.687199903223,2143.9739333252687,5.3237759198392e-07,0.01608280378618148
2023-11-30,34639.78,38450.0,34097.39,37723.96,1055690.59638,38490444107.42635,37005526,United States,0.0160367663615627,91.8697054651834,0.025627550837901,1.0,1.0,0.0,1.0,0.7,0.2,1.0,0.8,0.0,0.22,0.188,2023,25727.687199903223,2143.9739333252687,4.923989886120682e-07,0.01795285078290495
2023-12-31,37723.97,44700.0,37615.86,42283.58,1195409.976,50669749699.392456,44162350,United States,0.0433257202271818,41.11889877654749,0.0475030744022217,1.0,1.0,0.0,1.0,0.7,0.2,1.0,0.8,0.0,0.22,0.188,2023,25727.687199903223,2143.9739333252687,5.575674020187077e-07,0.023633566113746774
2024-01-31,42283.58,48969.48,38555.0,42580.0,1403408.84978,60830257410.58648,52549865,United States,0.0150508249372978,14.457257785737132,0.0017654756844423,1.0,1.0,0.0,1.0,0.7,0.2,1.0,0.8,0.0,0.22,0.188,2024,26973.677114451584,2247.8064262042985,6.243459549805767e-07,0.02706205334295888
2024-02-29,42580.0,64000.0,41884.28,61130.98,1206112.69545,61810386480.104126,48050724,United States,0.0179173000554216,84.83685383479643,0.0272839053010243,1.0,1.0,0.0,1.0,0.7,0.2,1.0,0.8,0.0,0.22,0.188,2024,26973.677114451584,2247.8064262042985,5.365732037196244e-07,0.027498091365669185
2024-03-31,61130.99,73777.0,59005.0,71280.01,1706807.381342,114890900621.64632,78610868,United States,0.0385870673977146,16.324404799856477,0.013401996237926,1.0,1.0,0.0,1.0,0.7,0.2,1.0,0.8,0.0,0.22,0.188,2024,26973.677114451584,2247.8064262042985,7.59321337213257e-07,0.05111245313754794
2024-04-30,71280.0,72797.99,59191.6,60672.0,1201500.9585199999,78870257314.33829,56536352,United States,0.0242270629730365,30.821450604271217,0.0594369099761774,1.0,1.0,0.0,1.0,0.7,0.2,1.0,0.8,0.0,0.22,0.188,2024,26973.677114451584,2247.8064262042985,5.345215426529785e-07,0.03508765541146733
2024-05-31,60672.01,71979.0,56552.82,67540.01,945031.04072,61102526732.0654,40467569,United States,0.0266360379303737,63.45453248109332,0.0170544372133469,1.0,1.0,0.0,1.0,0.7,0.2,1.0,0.8,0.0,0.22,0.188,2024,26973.677114451584,2247.8064262042985,4.204236760350414e-07,0.027183180019306485
2024-06-30,67540.01,71997.02,58402.0,62772.01,696818.1881799999,46007819231.09386,35341653,United States,0.0326023166904601,98.2021842018599,0.0298562509528037,1.0,1.0,0.0,1.0,0.7,0.2,1.0,0.8,0.0,0.22,0.188,2024,26973.677114451584,2247.8064262042985,3.0999919746499895e-07,0.020467874232739783
2024-07-31,62772.01,70079.99,53485.93,64628.0,908004.33426,56352575125.89188,54947978,United States,0.0165343768388913,36.65642213388311,0.0564716218075359,1.0,1.0,0.0,1.0,0.7,0.2,1.0,0.8,0.0,0.22,0.188,2024,26973.677114451584,2247.8064262042985,4.0395130277889574e-07,0.025070030261035527
2024-08-31,64628.01,65659.78,49000.0,58973.99,1010291.47396,59410017127.33833,68421354,United States,0.0202927044171099,70.39024154918626,0.0175398331510596,1.0,1.0,0.0,1.0,0.7,0.2,1.0,0.8,0.0,0.22,0.188,2024,26973.677114451584,2247.8064262042985,4.494566178752337e-07,0.02643021945072893
2024-09-30,58974.0,66498.0,52550.0,63327.59,734117.07575,43783927982.82593,91935065,United States,0.0086597861983192,84.02073465719828,0.0254029320873395,1.0,1.0,0.0,1.0,0.7,0.2,1.0,0.8,0.0,0.22,0.188,2024,26973.677114451584,2247.8064262042985,3.2659265815413127e-07,0.01947851357323529
2024-10-31,63327.6,73620.12,58946.0,70292.01,756010.86343,49836497872.668884,116212071,United States,0.0268732135242076,61.74326796711971,0.0456597102851701,1.0,1.0,0.0,1.0,0.7,0.2,1.0,0.8,0.0,0.22,0.188,2024,26973.677114451584,2247.8064262042985,3.363327262599826e-07,0.02217116976430396
2024-11-30,70292.01,99588.01,66835.0,96407.99,1343559.242196,116340254505.95044,192124856,United States,0.0122071722830849,65.48327288705079,0.0137448304739522,1.0,1.0,0.0,1.0,0.7,0.2,1.0,0.8,0.0,0.22,0.188,2024,26973.677114451584,2247.8064262042985,5.977201713337778e-07,0.05175723903521598
2024-12-31,96407.99,108353.0,90500.0,93576.0,1019450.065773,100509976051.22847,179962652,United States,0.024928227282366,9.953599358727317,0.0325227375136921,1.0,1.0,0.0,1.0,0.7,0.2,1.0,0.8,0.0,0.22,0.188,2024,26973.677114451584,2247.8064262042985,4.535310754024619e-07,0.044714693791917
2025-01-31,93576.0,107240.81,89256.69,102429.56,783493.30253,78353503117.11351,125495936,United States,0.0125515741206103,46.37580229239768,0.0329479453867665,1.0,1.0,0.0,1.0,0.7,0.2,1.0,0.8,0.0,0.22,0.188,2025,26656.15856722871,2221.346547269059,3.527109732127267e-07,0.035272975850365144
2025-02-28,102429.56,102783.71,81111.0,82659.59,320687.74492,30297424308.20152,51531942,United States,0.022951122268715,14.56978350225175,0.0651682751678951,1.0,1.0,0.0,1.0,0.7,0.2,1.0,0.8,0.0,0.22,0.188,2025,26656.15856722871,2221.346547269059,1.443663733217386e-07,0.013639215522426886
2025-03-31,84349.95,95000.0,76606.0,81991.99,340979.88474,29977445862.081345,59537914,United States,0.0230089980639351,54.07132560071404,0.0247768769742474,1.0,1.0,0.0,1.0,0.7,0.2,1.0,0.8,0.0,0.22,0.188,2025,26656.15856722871,2221.346547269059,1.5350143594622973e-07,0.013495168459390477
2025-04-30,82550.0,95461.53,74620.0,94503.4,70189.29417,5999434245.522589,9136881,United States,0.026757299469792,25.181306950146137,0.0213733205329103,1.0,1.0,0.0,1.0,0.7,0.2,1.0,0.8,0.0,0.22,0.188,2025,26656.15856722871,2221.346547269059,3.159763354182231e-08,0.0027008096746085567
2025-05-31,94172.0,105086.42,93711.08,102822.55,29156.04,2925296316.5265837,5167199,United States,0.0,0.0,0.0,0.0,0.0,0.0,0.0,0.0,0.0,0.0,0.0,0.0,0.22,0.188,2025,26656.15856722871,2221.346547269059,1.3125390108915993e-08,0.0013169022726881431
